ts,voltage,capacity
1575621767.013421,3.47125,0.1875
1575621777.0247474,3.4725,0.203125
1575621787.0361521,3.47375,0.21875
1575621797.0475333,3.475,0.23828125
1575621807.0589693,3.475,0.25390625
1575621817.0703733,3.47625,0.26953125
1575621827.0797029,3.4775,0.26953125
1575621837.0910435,3.4775,0.28515625
1575621847.093717,3.4775,0.3046875
1575621857.1037195,3.47875,0.3203125
1575621867.1151161,3.47875,0.3359375
1575621877.1265097,3.48,0.3515625
1575621887.1378996,3.48,0.3515625
1575621897.1401858,3.48125,0.37109375
1575621907.143715,3.48125,0.38671875
1575621917.1551256,3.48125,0.40234375
1575621927.1665301,3.4825,0.40234375
1575621937.1737056,3.4825,0.41796875
1575621947.1851,3.4825,0.4375
1575621957.1964931,3.4825,0.4375
1575621967.2078927,3.48375,0.453125
1575621977.219328,3.48375,0.46875
1575621987.2307193,3.48375,0.46875
1575621997.2421136,3.485,0.484375
1575622007.2535145,3.485,0.50390625
1575622017.2637174,3.485,0.50390625
1575622027.27512,3.485,0.51953125
1575622037.2865121,3.485,0.51953125
1575622047.2937107,3.48625,0.53515625
1575622057.3050923,3.4875,0.55078125
1575622067.3137403,3.4875,0.55078125
1575622077.3251467,3.4875,0.5703125
1575622087.3365555,3.4875,0.5703125
1575622097.3478723,3.4875,0.5859375
1575622107.3574784,3.4875,0.5859375
1575622117.368868,3.48875,0.6015625
1575622127.3802764,3.48875,0.6015625
1575622137.391687,3.49,0.6171875
1575622147.403084,3.49,0.6171875
1575622157.4144797,3.49,0.63671875
1575622167.4258687,3.49,0.63671875
1575622177.4372628,3.49,0.65234375
1575622187.4486723,3.49,0.65234375
1575622197.4600582,3.49125,0.66796875
1575622207.4637375,3.4925,0.66796875
1575622217.47511,3.4925,0.68359375
1575622227.4863703,3.4925,0.68359375
1575622237.4976761,3.4925,0.703125
1575622247.5037334,3.4925,0.703125
1575622257.515014,3.49375,0.703125
1575622267.5237563,3.49375,0.71875
1575622277.5351858,3.49375,0.71875
1575622287.546581,3.495,0.734375
1575622297.5579855,3.495,0.734375
1575622307.5693836,3.495,0.75
1575622317.580769,3.495,0.75
1575622327.5921688,3.495,0.75
1575622337.6035511,3.49625,0.76953125
1575622347.613711,3.49625,0.76953125
1575622357.6236665,3.4975,0.78515625
1575622367.634945,3.4975,0.78515625
1575622377.646317,3.49875,0.78515625
1575622387.6576092,3.4975,0.80078125
1575622397.6690242,3.49875,0.80078125
1575622407.673751,3.49875,0.80078125
1575622417.6850898,3.49875,0.81640625
1575622427.6964655,3.5,0.81640625
1575622437.7077546,3.5,0.8359375
1575622447.7191353,3.5,0.8359375
1575622457.73042,3.5,0.8359375
1575622467.7340124,3.5,0.8515625
1575622477.745525,3.50125,0.8515625
1575622487.7537222,3.50125,0.8515625
1575622497.7651207,3.5025,0.8671875
1575622507.776534,3.5025,0.8671875
1575622517.7879214,3.5025,0.8671875
1575622527.7993238,3.5025,0.8828125
1575622537.8107061,3.505,0.8828125
1575622547.8219993,3.50375,0.8828125
1575622557.8333993,3.50375,0.90234375
1575622567.843756,3.505,0.90234375
1575622577.8537457,3.505,0.90234375
1575622587.8651273,3.505,0.91796875
1575622597.8765204,3.505,0.91796875
1575622607.8879168,3.50625,0.91796875
1575622617.8993337,3.50625,0.93359375
1575622627.9107368,3.5075,0.93359375
1575622637.9220266,3.5075,0.93359375
1575622647.9334579,3.5075,0.94921875
1575622657.9448862,3.5075,0.94921875
1575622667.9537559,3.5075,0.94921875
1575622677.965199,3.50875,0.96875
1575622687.9738965,3.50875,0.96875
1575622697.9855187,3.51,0.96875
1575622707.9968235,3.51,0.984375
1575622718.0082033,3.51,0.984375
1575622728.013679,3.51125,0.984375
1575622738.024958,3.51,1.0
1575622748.036335,3.51125,1.0
1575622758.0437255,3.51125,1.0
1575622768.055121,3.5125,1.015625
1575622778.0665393,3.5125,1.015625
1575622788.0779529,3.5125,1.015625
1575622798.0893445,3.5125,1.015625
1575622808.100741,3.5125,1.03515625
1575622818.112128,3.51375,1.03515625
1575622828.123517,3.51375,1.03515625
1575622838.1349692,3.515,1.05078125
1575622848.1463788,3.515,1.05078125
1575622858.157751,3.515,1.05078125
1575622868.1690142,3.515,1.06640625
1575622878.1803093,3.515,1.06640625
1575622888.183729,3.5175,1.06640625
1575622898.195041,3.51625,1.08203125
1575622908.2064445,3.5175,1.08203125
1575622918.217837,3.5175,1.08203125
1575622928.2292454,3.5175,1.08203125
1575622938.2337327,3.5175,1.1015625
1575622948.2451665,3.5175,1.1015625
1575622958.253723,3.51875,1.1015625
1575622968.2651308,3.52,1.1171875
1575622978.2737615,3.52,1.1171875
1575622988.2852182,3.52,1.1171875
1575622998.296621,3.52,1.1328125
1575623008.3080187,3.52125,1.1328125
1575623018.3193855,3.52125,1.1328125
1575623028.3237085,3.52125,1.1484375
1575623038.3350925,3.5225,1.1484375
1575623048.3437274,3.5225,1.1484375
1575623058.355011,3.5225,1.1484375
1575623068.3637214,3.5225,1.16796875
1575623078.3751044,3.5225,1.16796875
1575623088.3865101,3.52375,1.16796875
1575623098.3979034,3.52375,1.18359375
1575623108.409316,3.525,1.18359375
1575623118.4207144,3.525,1.18359375
1575623128.4321141,3.525,1.19921875
1575623138.4337304,3.525,1.19921875
1575623148.4451282,3.52625,1.19921875
1575623158.4536774,3.52625,1.19921875
1575623168.4649744,3.5275,1.21484375
1575623178.476397,3.5275,1.21484375
1575623188.4897377,3.5275,1.21484375
1575623198.5011299,3.5275,1.234375
1575623208.51256,3.53,1.234375
1575623218.5238528,3.52875,1.234375
1575623228.5352428,3.53,1.25
1575623238.5466242,3.53,1.25
1575623248.5579894,3.53,1.25
1575623258.5692718,3.53,1.265625
1575623268.5737624,3.53,1.265625
1575623278.585146,3.53125,1.265625
1575623288.5965316,3.5325,1.28125
1575623298.6079369,3.5325,1.28125
1575623308.6193423,3.5325,1.28125
1575623318.630744,3.5325,1.28125
1575623328.6421328,3.5325,1.30078125
1575623338.6534855,3.53375,1.30078125
1575623348.6647823,3.535,1.30078125
1575623358.6737523,3.535,1.31640625
1575623368.6837153,3.53625,1.31640625
1575623378.6950471,3.535,1.31640625
1575623388.706445,3.53625,1.33203125
1575623398.717849,3.53625,1.33203125
1575623408.7292428,3.5375,1.33203125
1575623418.7406354,3.5375,1.34765625
1575623428.7520223,3.5375,1.34765625
1575623438.7634194,3.5375,1.34765625
1575623448.7783823,3.53875,1.3671875
1575623458.7896748,3.54,1.3671875
1575623468.7938106,3.54,1.3671875
1575623478.8052053,3.54,1.3828125
1575623488.8165994,3.54,1.3828125
1575623498.8279655,3.54125,1.3828125
1575623508.8392534,3.5425,1.3984375
1575623518.8506484,3.5425,1.3984375
1575623528.8537245,3.54375,1.3984375
1575623538.8649883,3.54375,1.4140625
1575623548.8762772,3.54375,1.4140625
1575623558.8837104,3.545,1.4140625
1575623568.8951068,3.545,1.43359375
1575623578.9065077,3.545,1.43359375
1575623588.9179099,3.545,1.43359375
1575623598.9293134,3.54625,1.44921875
1575623608.9406962,3.5475,1.44921875
1575623618.9519925,3.5475,1.46484375
1575623628.9633925,3.5475,1.46484375
1575623638.9747856,3.5475,1.46484375
1575623648.9837039,3.54875,1.48046875
1575623658.9950893,3.55,1.48046875
1575623669.0037785,3.55,1.48046875
1575623679.0152278,3.55,1.5
1575623689.0266025,3.5525,1.5
1575623699.0378532,3.55125,1.5
1575623709.049194,3.5525,1.515625
1575623719.0605931,3.5525,1.515625
1575623729.071972,3.5525,1.53125
1575623739.0736945,3.55375,1.53125
1575623749.0850682,3.55375,1.53125
1575623759.0938137,3.555,1.546875
1575623769.1053336,3.555,1.546875
1575623779.116711,3.555,1.546875
1575623789.1281037,3.55625,1.56640625
1575623799.139495,3.5575,1.56640625
1575623809.1508837,3.5575,1.58203125
1575623819.1622913,3.5575,1.58203125
1575623829.1737769,3.55875,1.58203125
1575623839.1852057,3.55875,1.59765625
1575623849.1965847,3.56,1.59765625
1575623859.207855,3.56,1.61328125
1575623869.21925,3.56,1.61328125
1575623879.230731,3.56125,1.61328125
1575623889.2421305,3.5625,1.6328125
1575623899.253524,3.5625,1.6328125
1575623909.2649882,3.5625,1.6484375
1575623919.2763813,3.56375,1.6484375
1575623929.2877586,3.565,1.6484375
1575623939.2991495,3.565,1.6640625
1575623949.3105426,3.565,1.6640625
1575623959.3137577,3.565,1.6796875
1575623969.3251512,3.56625,1.6796875
1575623979.3365452,3.5675,1.69921875
1575623989.3479214,3.5675,1.69921875
1575623999.3592644,3.5675,1.69921875
1575624009.3637154,3.57,1.71484375
1575624019.3750381,3.56875,1.71484375
1575624029.3864915,3.57,1.73046875
1575624039.3978927,3.57,1.73046875
1575624049.4037056,3.57,1.73046875
1575624059.4151018,3.57125,1.74609375
1575624069.4265046,3.5725,1.74609375
1575624079.438299,3.5725,1.765625
1575624089.4496927,3.5725,1.765625
1575624099.461094,3.57375,1.78125
1575624109.4724808,3.575,1.78125
1575624119.4838681,3.575,1.78125
1575624129.4952416,3.575,1.796875
1575624139.5037067,3.57625,1.796875
1575624149.515087,3.5775,1.8125
1575624159.5237584,3.5775,1.8125
1575624169.535189,3.57875,1.83203125
1575624179.546491,3.5775,1.83203125
1575624189.55788,3.57875,1.84765625
1575624199.5692708,3.58,1.84765625
1575624209.5806663,3.58,1.84765625
1575624219.5920696,3.58,1.86328125
1575624229.6034439,3.58125,1.86328125
1575624239.6148283,3.5825,1.87890625
1575624249.6262395,3.5825,1.87890625
1575624259.6376483,3.5825,1.8984375
1575624269.643683,3.58375,1.8984375
1575624279.6549923,3.585,1.9140625
1575624289.6663876,3.585,1.9140625
1575624299.6777694,3.585,1.9140625
1575624309.689165,3.58625,1.9296875
1575624319.7005637,3.5875,1.9296875
1575624329.7037299,3.5875,1.9453125
1575624339.7150269,3.5875,1.9453125
1575624349.7264102,3.5875,1.96484375
1575624359.7377968,3.58875,1.96484375
1575624369.7491832,3.59,1.98046875
1575624379.760556,3.59,1.98046875
1575624389.7718441,3.59125,1.98046875
1575624399.7737725,3.59125,1.99609375
1575624409.7852511,3.5925,1.99609375
1575624419.796639,3.5925,2.01171875
1575624429.8080363,3.5925,2.01171875
1575624439.8194256,3.59375,2.03125
1575624449.830829,3.595,2.03125
1575624459.8422282,3.595,2.046875
1575624469.8536263,3.595,2.046875
1575624479.8649254,3.59625,2.0625
1575624489.8737326,3.5975,2.0625
1575624499.8850389,3.5975,2.0625
1575624509.8964314,3.5975,2.078125
1575624519.9078465,3.5975,2.078125
1575624529.919242,3.59875,2.09765625
1575624539.930632,3.6,2.09765625
1575624549.9420233,3.6,2.11328125
1575624559.953392,3.6,2.11328125
1575624569.9646845,3.60125,2.12890625
1575624579.9760668,3.60125,2.12890625
1575624589.987352,3.6025,2.14453125
1575624599.9937758,3.6025,2.14453125
1575624610.0051982,3.6025,2.14453125
1575624620.0165873,3.60375,2.1640625
1575624630.027946,3.605,2.1640625
1575624640.0392313,3.605,2.1796875
1575624650.0437646,3.60625,2.1796875
1575624660.0550952,3.60625,2.1953125
1575624670.0636752,3.6075,2.1953125
1575624680.0749693,3.6075,2.2109375
1575624690.0837827,3.6075,2.2109375
1575624700.0951815,3.60875,2.23046875
1575624710.106577,3.60875,2.23046875
1575624720.117966,3.61,2.24609375
1575624730.1293552,3.61,2.24609375
1575624740.1407487,3.61,2.24609375
1575624750.152137,3.61125,2.26171875
1575624760.163533,3.6125,2.26171875
1575624770.174996,3.6125,2.27734375
1575624780.1836743,3.6125,2.27734375
1575624790.1949682,3.61375,2.296875
1575624800.2063656,3.61375,2.296875
1575624810.2137418,3.615,2.3125
1575624820.2250662,3.615,2.3125
1575624830.2364469,3.615,2.328125
1575624840.2478256,3.61625,2.328125
1575624850.2592056,3.6175,2.328125
1575624860.2706068,3.6175,2.34375
1575624870.2736757,3.6175,2.34375
1575624880.2850618,3.61875,2.36328125
1575624890.2937813,3.61875,2.36328125
1575624900.3051848,3.6225,2.37890625
1575624910.3165643,3.6225,2.37890625
1575624920.327928,3.6225,2.39453125
1575624930.33922,3.6225,2.39453125
1575624940.3505902,3.62375,2.41015625
1575624950.3618808,3.62375,2.41015625
1575624960.373279,3.625,2.4296875
1575624970.3846905,3.62625,2.4296875
1575624980.3937216,3.625,2.51171875
1575624990.4051406,3.62625,2.51171875
1575625000.4165406,3.6275,2.51171875
1575625010.427926,3.6275,2.51171875
1575625020.4393015,3.6275,2.51171875
1575625030.4506862,3.6275,2.51171875
1575625040.4620984,3.62875,2.59765625
1575625050.4682906,3.63,2.59765625
1575625060.4797122,3.63,2.59765625
1575625070.4837005,3.63,2.59765625
1575625080.495078,3.63125,2.59765625
1575625090.5037627,3.63125,2.59765625
1575625100.5152225,3.6325,2.68359375
1575625110.5266054,3.6325,2.68359375
1575625120.5379937,3.6325,2.68359375
1575625130.5437896,3.635,2.68359375
1575625140.5552163,3.635,2.68359375
1575625150.5666008,3.635,2.76953125
1575625160.57799,3.635,2.76953125
1575625170.589389,3.635,2.76953125
1575625180.5937705,3.63625,2.76953125
1575625190.6058476,3.63625,2.8515625
1575625200.6172328,3.6375,2.8515625
1575625210.6286204,3.6375,2.8515625
1575625220.6400027,3.6375,2.8515625
1575625230.6513674,3.63875,2.8515625
1575625240.6626506,3.63875,2.9375
1575625250.6740556,3.64,2.9375
1575625260.6854453,3.64,2.9375
1575625270.693706,3.64,2.9375
1575625280.7050893,3.64,3.0234375
1575625290.7164936,3.6425,3.0234375
1575625300.727844,3.6425,3.0234375
1575625310.7392218,3.6425,3.0234375
1575625320.750664,3.6425,3.0234375
1575625330.7620862,3.6425,3.109375
1575625340.7636986,3.64375,3.109375
1575625350.775088,3.64375,3.109375
1575625360.7864754,3.645,3.109375
1575625370.7978404,3.645,3.19140625
1575625380.8037941,3.645,3.19140625
1575625390.8151965,3.645,3.19140625
1575625400.8265681,3.64625,3.19140625
1575625410.8379512,3.6475,3.27734375
1575625420.8493505,3.6475,3.27734375
1575625430.86074,3.6475,3.27734375
1575625440.8720338,3.6475,3.27734375
1575625450.8736792,3.65,3.36328125
1575625460.8849685,3.64875,3.36328125
1575625470.8937204,3.65,3.36328125
1575625480.9051304,3.65,3.36328125
1575625490.9164639,3.65,3.44921875
1575625500.9278505,3.65,3.44921875
1575625510.9392385,3.65125,3.44921875
1575625520.9506056,3.65125,3.44921875
1575625530.9619007,3.6525,3.53125
1575625540.973286,3.6525,3.53125
1575625550.9846683,3.6525,3.53125
1575625560.9960544,3.6525,3.53125
1575625571.0074368,3.65375,3.6171875
1575625581.0138094,3.65375,3.6171875
1575625591.0252063,3.655,3.6171875
1575625601.0365996,3.655,3.6171875
1575625611.047982,3.655,3.703125
1575625621.0592625,3.655,3.703125
1575625631.0706546,3.655,3.703125
1575625641.082052,3.65625,3.7890625
1575625651.0837133,3.65625,3.7890625
1575625661.0951095,3.6575,3.7890625
1575625671.1037717,3.6575,3.7890625
1575625681.1151547,3.6575,3.87109375
1575625691.1265311,3.6575,3.87109375
1575625701.1379213,3.65875,3.87109375
1575625711.1493003,3.65875,3.87109375
1575625721.1606622,3.66,3.95703125
1575625731.17195,3.66,3.95703125
1575625741.1833246,3.66,3.95703125
1575625751.1946163,3.66,4.04296875
1575625761.2060156,3.66,4.04296875
1575625771.2173765,3.6625,4.04296875
1575625781.2237794,3.66125,4.04296875
1575625791.2352712,3.66125,4.12890625
1575625801.2466686,3.6625,4.12890625
1575625811.2579434,3.6625,4.12890625
1575625821.269241,3.6625,4.12890625
1575625831.280633,3.6625,4.2109375
1575625841.29202,3.6625,4.2109375
1575625851.3034,3.66375,4.2109375
1575625861.314682,3.66375,4.2109375
1575625871.3260746,3.665,4.296875
1575625881.3374853,3.665,4.296875
1575625891.3440208,3.665,4.296875
1575625901.355703,3.665,4.3828125
1575625911.3671,3.665,4.3828125
1575625921.3784866,3.665,4.3828125
1575625931.3898525,3.66625,4.3828125
1575625941.4011436,3.66625,4.46875
1575625951.4125364,3.6675,4.46875
1575625961.423756,3.6675,4.46875
1575625971.4350739,3.6675,4.46875
1575625981.4464622,3.6675,4.55078125
1575625991.4578583,3.6675,4.55078125
1575626001.4692495,3.6675,4.55078125
1575626011.4807541,3.66875,4.55078125
1575626021.4921517,3.66875,4.63671875
1575626031.5035465,3.67,4.63671875
1575626041.5149777,3.67,4.63671875
1575626051.5263681,3.67,4.72265625
1575626061.5377629,3.67,4.72265625
1575626071.543707,3.67,4.72265625
1575626081.5551047,3.67,4.72265625
1575626091.5636725,3.67125,4.80859375
1575626101.574954,3.67125,4.80859375
1575626111.5863593,3.67125,4.80859375
1575626121.5937524,3.6725,4.80859375
1575626131.605065,3.6725,4.890625
1575626141.6164386,3.6725,4.890625
1575626151.6277413,3.6725,4.890625
1575626161.6391404,3.6725,4.890625
1575626171.650544,3.6725,4.9765625
1575626181.6537151,3.67375,4.9765625
1575626191.6651025,3.67375,4.9765625
1575626201.676494,3.675,4.9765625
1575626211.6878903,3.675,5.0625
1575626221.6992893,3.675,5.0625
1575626231.7107048,3.675,5.0625
1575626241.7221038,3.675,5.0625
1575626251.7335062,3.67625,5.1484375
1575626261.7449753,3.67625,5.1484375
1575626271.7563798,3.67625,5.1484375
1575626281.767789,3.6775,5.23046875
1575626291.779066,3.6775,5.23046875
1575626301.7903736,3.6775,5.23046875
1575626311.7938058,3.6775,5.23046875
1575626321.8052006,3.6775,5.31640625
1575626331.8165996,3.6775,5.31640625
1575626341.8279831,3.67875,5.31640625
1575626351.833716,3.67875,5.31640625
1575626361.8451185,3.67875,5.40234375
1575626371.8565056,3.67875,5.40234375
1575626381.8681571,3.68,5.40234375
1575626391.8794625,3.68,5.40234375
1575626401.8837416,3.68,5.48828125
1575626411.895142,3.68,5.48828125
1575626421.9065511,3.68,5.48828125
1575626431.9179566,3.68125,5.48828125
1575626441.9237053,3.6825,5.5703125
1575626451.9349976,3.68125,5.5703125
1575626461.9464066,3.6825,5.5703125
1575626471.957816,3.6825,5.5703125
1575626481.9692178,3.6825,5.65625
1575626491.9737291,3.6825,5.65625
1575626501.985139,3.6825,5.65625
1575626511.9937892,3.6825,5.65625
1575626522.0051851,3.68375,5.7421875
1575626532.0165787,3.68375,5.7421875
1575626542.0280025,3.685,5.7421875
1575626552.0394113,3.685,5.7421875
1575626562.0508335,3.685,5.828125
1575626572.062203,3.685,5.828125
1575626582.0637164,3.685,5.828125
1575626592.0751095,3.685,5.828125
1575626602.0837252,3.68625,5.91015625
1575626612.0950046,3.68625,5.91015625
1575626622.1063945,3.68625,5.91015625
1575626632.113716,3.6875,5.91015625
1575626642.1251183,3.6875,5.99609375
1575626652.136507,3.6875,5.99609375
1575626662.1479006,3.6875,5.99609375
1575626672.1593032,3.6875,5.99609375
1575626682.1707034,3.6875,6.12109375
1575626692.1820962,3.68875,6.12109375
1575626702.1935058,3.68875,6.12109375
1575626712.203695,3.68875,6.12109375
1575626722.2150855,3.68875,6.12109375
1575626732.226497,3.69,6.2421875
1575626742.2337167,3.69,6.2421875
1575626752.245132,3.69,6.2421875
1575626762.2537062,3.69125,6.2421875
1575626772.2650256,3.69,6.2421875
1575626782.2764184,3.69125,6.2421875
1575626792.2878056,3.69125,6.3671875
1575626802.2991946,3.69125,6.3671875
1575626812.3037055,3.6925,6.3671875
1575626822.3137922,3.6925,6.3671875
1575626832.3252225,3.6925,6.3671875
1575626842.3366055,3.6925,6.48828125
1575626852.3479903,3.6925,6.48828125
1575626862.3593853,3.6925,6.48828125
1575626872.3707788,3.69375,6.48828125
1575626882.3821726,3.69375,6.48828125
1575626892.393581,3.695,6.61328125
1575626902.405044,3.695,6.61328125
1575626912.4136658,3.695,6.61328125
1575626922.4237247,3.695,6.61328125
1575626932.4350238,3.695,6.61328125
1575626942.446423,3.695,6.734375
1575626952.457816,3.695,6.734375
1575626962.4691806,3.69625,6.734375
1575626972.480466,3.69625,6.734375
1575626982.49183,3.69625,6.734375
1575626992.5031197,3.6975,6.859375
1575627002.5137122,3.6975,6.859375
1575627012.5251133,3.6975,6.859375
1575627022.533781,3.6975,6.859375
1575627032.545204,3.6975,6.859375
1575627042.5537212,3.6975,6.859375
1575627052.5651224,3.69875,6.98046875
1575627062.5765128,3.69875,6.98046875
1575627072.587877,3.69875,6.98046875
1575627082.593745,3.7,6.98046875
1575627092.6050406,3.7,6.98046875
1575627102.6164374,3.7,7.10546875
1575627112.627803,3.7,7.10546875
1575627122.6391172,3.7,7.10546875
1575627132.6437347,3.7,7.10546875
1575627142.6552129,3.70125,7.10546875
1575627152.666614,3.70125,7.2265625
1575627162.6780086,3.70125,7.2265625
1575627172.6894116,3.7025,7.2265625
1575627182.7007809,3.7025,7.2265625
1575627192.7120655,3.7025,7.2265625
1575627202.7136772,3.7025,7.3515625
1575627212.7249694,3.7025,7.3515625
1575627222.733702,3.7025,7.3515625
1575627232.7450743,3.70375,7.3515625
1575627242.753719,3.705,7.3515625
1575627252.7651343,3.70375,7.47265625
1575627262.7765238,3.705,7.47265625
1575627272.7879186,3.705,7.47265625
1575627282.7993047,3.705,7.47265625
1575627292.8037174,3.705,7.47265625
1575627302.8151004,3.705,7.59765625
1575627312.8237076,3.705,7.59765625
1575627322.835099,3.70625,7.59765625
1575627332.8437994,3.70625,7.59765625
1575627342.855231,3.7075,7.59765625
1575627352.8666263,3.7075,7.71875
1575627362.8780284,3.7075,7.71875
1575627372.889429,3.7075,7.71875
1575627382.9007883,3.7075,7.71875
1575627392.9120905,3.7075,7.71875
1575627402.9234955,3.71,7.84375
1575627412.9347794,3.70875,7.84375
1575627422.9437065,3.70875,7.84375
1575627432.955094,3.71,7.84375
1575627442.9664724,3.71,7.96484375
1575627452.9737144,3.71,7.96484375
1575627462.9851024,3.71,7.96484375
1575627472.996494,3.71,7.96484375
1575627483.007884,3.71,7.96484375
1575627493.019271,3.71125,8.08984375
1575627503.030664,3.71125,8.08984375
1575627513.0420318,3.71125,8.08984375
1575627523.0533266,3.7125,8.08984375
1575627533.0647216,3.7125,8.08984375
1575627543.0761223,3.7125,8.2109375
1575627553.083821,3.7125,8.2109375
1575627563.0952842,3.71375,8.2109375
1575627573.1067085,3.71375,8.2109375
1575627583.1180956,3.71375,8.2109375
1575627593.1294887,3.71375,8.3359375
1575627603.1408846,3.715,8.3359375
1575627613.1522791,3.715,8.3359375
1575627623.1636727,3.715,8.3359375
1575627633.1750727,3.715,8.3359375
1575627643.1837099,3.715,8.45703125
1575627653.1950848,3.715,8.45703125
1575627663.2064784,3.71625,8.45703125
1575627673.217876,3.71625,8.45703125
1575627683.229266,3.71625,8.58203125
1575627693.2337077,3.7175,8.58203125
1575627703.2451243,3.7175,8.58203125
1575627713.2565095,3.7175,8.58203125
1575627723.2636716,3.71875,8.58203125
1575627733.2749805,3.7175,8.703125
1575627743.286366,3.71875,8.703125
1575627753.2937582,3.71875,8.703125
1575627763.3037145,3.72,8.703125
1575627773.3137078,3.72,8.703125
1575627783.3250976,3.72,8.9609375
1575627793.3364818,3.72,8.9609375
1575627803.3478506,3.72,8.9609375
1575627813.3591363,3.72,8.9609375
1575627823.3705409,3.72,8.9609375
1575627833.3819504,3.72125,8.9609375
1575627843.383741,3.72125,8.9609375
1575627853.3951414,3.7225,8.9609375
1575627863.4065177,3.7225,8.9609375
1575627873.4179242,3.7225,8.9609375
1575627883.4293103,3.72375,9.22265625
1575627893.4405842,3.7225,9.22265625
1575627903.451882,3.72375,9.22265625
1575627913.4632826,3.72375,9.22265625
1575627923.474571,3.72375,9.22265625
1575627933.4859667,3.725,9.22265625
1575627943.497351,3.725,9.22265625
1575627953.5037637,3.725,9.22265625
1575627963.5151649,3.725,9.22265625
1575627973.5265622,3.725,9.48046875
1575627983.5379374,3.72625,9.48046875
1575627993.5492725,3.72625,9.48046875
1575628003.553708,3.72625,9.48046875
1575628013.565092,3.7275,9.48046875
1575628023.5764773,3.7275,9.48046875
1575628033.5878642,3.7275,9.48046875
1575628043.5936663,3.7275,9.48046875
1575628053.6049452,3.7275,9.48046875
1575628063.6163316,3.7275,9.73828125
1575628073.627747,3.7275,9.73828125
1575628083.639102,3.72875,9.73828125
1575628093.6504717,3.73,9.73828125
1575628103.6617668,3.73,9.73828125
1575628113.6731617,3.73,9.73828125
1575628123.6845496,3.73,9.73828125
1575628133.6937022,3.73,9.73828125
1575628143.7050793,3.73,9.99609375
1575628153.7164812,3.73125,9.99609375
1575628163.7278817,3.73125,9.99609375
1575628173.7392852,3.73125,9.99609375
1575628183.7506511,3.7325,9.99609375
1575628193.7537265,3.7325,9.99609375
1575628203.7651021,3.7325,9.99609375
1575628213.776407,3.7325,9.99609375
1575628223.7876964,3.7325,9.99609375
1575628233.7937233,3.7325,10.2578125
1575628243.8038142,3.73375,10.2578125
1575628253.81523,3.73375,10.2578125
1575628263.8266292,3.735,10.2578125
1575628273.8380063,3.735,10.2578125
1575628283.8493886,3.735,10.2578125
1575628293.8607545,3.735,10.2578125
1575628303.8720386,3.735,10.2578125
1575628313.8834374,3.73625,10.515625
1575628323.894857,3.73625,10.515625
1575628333.9062471,3.7375,10.515625
1575628343.913715,3.7375,10.515625
1575628353.9237144,3.7375,10.515625
1575628363.9350755,3.7375,10.515625
1575628373.9463725,3.7375,10.515625
1575628383.9577749,3.7375,10.7734375
1575628393.9683022,3.73875,10.7734375
1575628403.9799945,3.73875,10.7734375
1575628413.9913874,3.74,10.7734375
1575628423.993703,3.74,10.7734375
1575628434.0050845,3.74,10.7734375
1575628444.0137026,3.74,10.7734375
1575628454.025092,3.74,10.7734375
1575628464.0364833,3.74125,11.03125
1575628474.0478835,3.74125,11.03125
1575628484.0537872,3.7425,11.03125
1575628494.065181,3.7425,11.03125
1575628504.0737112,3.7425,11.03125
1575628514.0850775,3.7425,11.03125
1575628524.0963435,3.7425,11.03125
1575628534.10764,3.7425,11.29296875
1575628544.1190288,3.7425,11.29296875
1575628554.13041,3.745,11.29296875
1575628564.141719,3.745,11.29296875
1575628574.1437192,3.745,11.29296875
1575628584.153713,3.745,11.29296875
1575628594.1651292,3.745,11.29296875
1575628604.1765301,3.745,11.55078125
1575628614.1879232,3.74625,11.55078125
1575628624.1993062,3.74625,11.55078125
1575628634.2107065,3.7475,11.55078125
1575628644.2220986,3.7475,11.55078125
1575628654.2334874,3.7475,11.55078125
1575628664.2437057,3.7475,11.55078125
1575628674.255949,3.74875,11.80859375
1575628684.2637486,3.74875,11.80859375
1575628694.275088,3.74875,11.80859375
1575628704.2837102,3.75,11.80859375
1575628714.2937262,3.75,11.80859375
1575628724.3050315,3.75,11.80859375
1575628734.3164232,3.75,11.80859375
1575628744.3278162,3.75,12.06640625
1575628754.3392177,3.75125,12.06640625
1575628764.3506124,3.75125,12.06640625
1575628774.3537593,3.7525,12.06640625
1575628784.365136,3.7525,12.06640625
1575628794.3765383,3.7525,12.06640625
1575628804.3879452,3.7525,12.328125
1575628814.3993382,3.7525,12.328125
1575628824.4107366,3.75375,12.328125
1575628834.4221222,3.75375,12.328125
1575628844.4334967,3.755,12.328125
1575628854.444866,3.755,12.328125
1575628864.4562376,3.755,12.328125
1575628874.4675508,3.75625,12.5859375
1575628884.4737031,3.755,12.5859375
1575628894.4850912,3.75625,12.5859375
1575628904.4937966,3.75625,12.5859375
1575628914.5051925,3.7575,12.5859375
1575628924.5165913,3.7575,12.5859375
1575628934.527991,3.7575,12.84375
1575628944.5393813,3.7575,12.84375
1575628954.5507462,3.7575,12.84375
1575628964.5620344,3.75875,12.84375
1575628974.5734165,3.76,12.84375
1575628984.5847187,3.76,12.84375
1575628994.5937574,3.76,13.1015625
1575629004.6054988,3.76,13.1015625
1575629014.6168969,3.76,13.1015625
1575629024.6282933,3.76125,13.1015625
1575629034.633663,3.7625,13.1015625
1575629044.6449456,3.7625,13.1015625
1575629054.6563506,3.7625,13.36328125
1575629064.6677253,3.7625,13.36328125
1575629074.679022,3.7625,13.36328125
1575629084.6836658,3.7625,13.36328125
1575629094.6949568,3.76375,13.36328125
1575629104.7063606,3.76375,13.36328125
1575629114.7177668,3.765,13.62109375
1575629124.7291553,3.765,13.62109375
1575629134.7405465,3.765,13.62109375
1575629144.7519352,3.765,13.62109375
1575629154.7536645,3.765,13.62109375
1575629164.7649589,3.76625,13.62109375
1575629174.7763686,3.76625,13.87890625
1575629184.78776,3.7675,13.87890625
1575629194.79375,3.7675,13.87890625
1575629204.8051033,3.7675,13.87890625
1575629214.816493,3.7675,13.87890625
1575629224.8278723,3.76875,13.87890625
1575629234.8392231,3.76875,14.13671875
1575629244.850622,3.77,14.13671875
1575629254.8620267,3.77,14.13671875
1575629264.8734279,3.77,14.13671875
1575629274.8848305,3.77,14.13671875
1575629284.893703,3.77,14.13671875
1575629294.9050834,3.77125,14.3984375
1575629304.913714,3.77125,14.3984375
1575629314.9251163,3.7725,14.3984375
1575629324.9365203,3.7725,14.3984375
1575629334.947916,3.7725,14.3984375
1575629344.959312,3.7725,14.65625
1575629354.9707153,3.775,14.65625
1575629364.9820256,3.77375,14.65625
1575629374.9837017,3.775,14.65625
1575629384.9950871,3.775,14.65625
1575629395.0064714,3.775,14.65625
1575629405.017755,3.775,14.9140625
1575629415.0237794,3.77625,14.9140625
1575629425.0352154,3.77625,14.9140625
1575629435.0466151,3.7775,14.9140625
1575629445.0580103,3.7775,14.9140625
1575629455.069412,3.7775,15.171875
1575629465.080777,3.7775,15.171875
1575629475.0920703,3.77875,15.171875
1575629485.1034622,3.77875,15.171875
1575629495.1148574,3.78,15.171875
1575629505.123702,3.78,15.43359375
1575629515.1351042,3.78125,15.43359375
1575629525.146404,3.78,15.43359375
1575629535.1578045,3.78125,15.43359375
1575629545.1692212,3.78125,15.43359375
1575629555.1806297,3.7825,15.43359375
1575629565.192041,3.7825,15.69140625
1575629575.2034416,3.7825,15.69140625
1575629585.2148452,3.7825,15.69140625
1575629595.226245,3.78375,15.69140625
1575629605.2376413,3.78375,15.69140625
1575629615.2490587,3.785,15.94921875
1575629625.2604902,3.785,15.94921875
1575629635.2718844,3.785,15.94921875
1575629645.2832773,3.785,15.94921875
1575629655.2946656,3.78625,15.94921875
1575629665.3060498,3.78625,16.20703125
1575629675.3137195,3.7875,16.20703125
1575629685.325006,3.7875,16.20703125
1575629695.3363178,3.7875,16.20703125
1575629705.347802,3.7875,16.20703125
1575629715.3592906,3.78875,16.46875
1575629725.3706841,3.78875,16.46875
1575629735.3820717,3.79,16.46875
1575629745.3934667,3.79,16.46875
1575629755.404871,3.79,16.46875
1575629765.4162722,3.79,16.7265625
1575629775.4276655,3.79125,16.7265625
1575629785.439071,3.79125,16.7265625
1575629795.4504714,3.7925,16.7265625
1575629805.4618614,3.7925,16.984375
1575629815.4682982,3.7925,16.984375
1575629825.4797678,3.79375,16.984375
1575629835.4912045,3.795,16.984375
1575629845.5025265,3.795,16.984375
1575629855.5139253,3.795,17.2421875
1575629865.525311,3.795,17.2421875
1575629875.5366912,3.795,17.2421875
1575629885.543704,3.79625,17.2421875
1575629895.555078,3.7975,17.2421875
1575629905.563793,3.7975,17.50390625
1575629915.5753465,3.7975,17.50390625
1575629925.5867345,3.7975,17.50390625
1575629935.5981247,3.79875,17.50390625
1575629945.6095088,3.79875,17.50390625
1575629955.620895,3.8,17.76171875
1575629965.6322813,3.8,17.76171875
1575629975.6436837,3.8,17.76171875
1575629985.6550748,3.80125,17.76171875
1575629995.6664867,3.8025,18.01953125
1575630005.6778069,3.8025,18.01953125
1575630015.6891997,3.8025,18.01953125
1575630025.7006166,3.8025,18.01953125
1575630035.712019,3.8025,18.01953125
1575630045.7234151,3.80375,18.27734375
1575630055.7348013,3.805,18.27734375
1575630065.7436717,3.805,18.27734375
1575630075.754961,3.805,18.27734375
1575630085.7636778,3.805,18.5390625
1575630095.7750623,3.80625,18.5390625
1575630105.7837846,3.80625,18.5390625
1575630115.795244,3.8075,18.5390625
1575630125.8066518,3.8075,18.5390625
1575630135.8180325,3.8075,18.796875
1575630145.8294144,3.8075,18.796875
1575630155.840833,3.80875,18.796875
1575630165.8521514,3.81,18.796875
1575630175.863542,3.81,19.0546875
1575630185.8749914,3.81,19.0546875
1575630195.883704,3.81,19.0546875
1575630205.8950841,3.81125,19.0546875
1575630215.906484,3.8125,19.3125
1575630225.9178832,3.8125,19.3125
1575630235.9292774,3.8125,19.3125
1575630245.9406698,3.8125,19.3125
1575630255.9520557,3.81375,19.3125
1575630265.9634619,3.81375,19.57421875
1575630275.9748716,3.815,19.57421875
1575630285.9862711,3.815,19.57421875
1575630295.997665,3.815,19.57421875
1575630306.0091152,3.81625,19.83203125
1575630316.0206335,3.8175,19.83203125
1575630326.0319674,3.8175,19.83203125
1575630336.0433757,3.8175,19.83203125
1575630346.0547686,3.8175,20.08984375
1575630356.0661347,3.81875,20.08984375
1575630366.0774236,3.82,20.08984375
1575630376.088818,3.82,20.08984375
1575630386.1002116,3.82,20.51953125
1575630396.1037538,3.82,20.51953125
1575630406.1151376,3.82125,20.51953125
1575630416.126549,3.8225,20.51953125
1575630426.1379375,3.8225,20.51953125
1575630436.1493435,3.8225,20.51953125
1575630446.1607504,3.8225,20.51953125
1575630456.1721559,3.82375,20.94921875
1575630466.1835523,3.825,20.94921875
1575630476.1950035,3.825,20.94921875
1575630486.206314,3.825,20.94921875
1575630496.2176983,3.825,20.94921875
1575630506.2238548,3.82625,20.94921875
1575630516.2356272,3.8275,20.94921875
1575630526.2437584,3.8275,21.37890625
1575630536.259219,3.8275,21.37890625
1575630546.2706203,3.8275,21.37890625
1575630556.2819855,3.82875,21.37890625
1575630566.2932794,3.83,21.37890625
1575630576.304687,3.83,21.37890625
1575630586.3160727,3.83,21.80859375
1575630596.3274727,3.83,21.80859375
1575630606.338871,3.83125,21.80859375
1575630616.3437421,3.8325,21.80859375
1575630626.35516,3.8325,21.80859375
1575630636.3666008,3.83375,21.80859375
1575630646.3779938,3.83375,22.23828125
1575630656.389393,3.83375,22.23828125
1575630666.4007776,3.835,22.23828125
1575630676.412175,3.835,22.23828125
1575630686.4235723,3.835,22.23828125
1575630696.435033,3.83625,22.23828125
1575630706.4464338,3.8375,22.66796875
1575630716.4578438,3.8375,22.66796875
1575630726.4692519,3.8375,22.66796875
1575630736.4737146,3.8375,22.66796875
1575630746.4851298,3.83875,22.66796875
1575630756.4937105,3.84,22.66796875
1575630766.5050774,3.84,23.09765625
1575630776.516469,3.84,23.09765625
1575630786.5278566,3.84,23.09765625
1575630796.539229,3.84125,23.09765625
1575630806.5505066,3.8425,23.09765625
1575630816.5537755,3.8425,23.09765625
1575630826.5637841,3.8425,23.52734375
1575630836.5751815,3.84375,23.52734375
1575630846.58658,3.845,23.52734375
1575630856.59797,3.845,23.52734375
1575630866.6093376,3.845,23.52734375
1575630876.6206374,3.845,23.52734375
1575630886.6320183,3.84625,23.95703125
1575630896.643402,3.84625,23.95703125
1575630906.6537054,3.8475,23.95703125
1575630916.665124,3.8475,23.95703125
1575630926.6765265,3.8475,23.95703125
1575630936.6879358,3.84875,24.38671875
1575630946.6993272,3.85,24.38671875
1575630956.7107155,3.85,24.38671875
1575630966.722017,3.85,24.38671875
1575630976.733414,3.85125,24.38671875
1575630986.7437499,3.85125,24.38671875
1575630996.7550974,3.8525,24.81640625
1575631006.7663846,3.8525,24.81640625
1575631016.7738025,3.8525,24.81640625
1575631026.7837296,3.85375,24.81640625
1575631036.7951286,3.85375,24.81640625
1575631046.8065522,3.855,25.24609375
1575631056.8179383,3.855,25.24609375
1575631066.8293395,3.855,25.24609375
1575631076.8407302,3.85625,25.24609375
1575631086.8521461,3.8575,25.24609375
1575631096.8635392,3.8575,25.67578125
1575631106.8737156,3.8575,25.67578125
1575631116.885074,3.85875,25.67578125
1575631126.8963616,3.85875,25.67578125
1575631136.907767,3.86,25.67578125
1575631146.9137163,3.86,25.67578125
1575631156.9250035,3.86,26.10546875
1575631166.9364147,3.86125,26.10546875
1575631176.947811,3.8625,26.10546875
1575631186.9592302,3.8625,26.10546875
1575631196.9637096,3.8625,26.10546875
1575631206.9751298,3.86375,26.53515625
1575631216.983802,3.86375,26.53515625
1575631226.995414,3.865,26.53515625
1575631237.00681,3.865,26.53515625
1575631247.0181785,3.865,26.53515625
1575631257.0294697,3.86625,26.96484375
1575631267.0408676,3.8675,26.96484375
1575631277.0436764,3.8675,26.96484375
1575631287.0549605,3.8675,26.96484375
1575631297.0663457,3.86875,26.96484375
1575631307.073702,3.87,27.39453125
1575631317.0849757,3.87,27.39453125
1575631327.0963736,3.87,27.39453125
1575631337.107766,3.87,27.39453125
1575631347.119162,3.87125,27.39453125
1575631357.1305532,3.8725,27.82421875
1575631367.1419668,3.8725,27.82421875
1575631377.1533809,3.8725,27.82421875
1575631387.1647925,3.8725,27.82421875
1575631397.1737034,3.87375,27.82421875
1575631407.18509,3.875,28.25390625
1575631417.1964722,3.875,28.25390625
1575631427.2078784,3.875,28.25390625
1575631437.2136734,3.87625,28.25390625
1575631447.2249389,3.8775,28.25390625
1575631457.2362373,3.8775,28.68359375
1575631467.2437298,3.8775,28.68359375
1575631477.2550228,3.8775,28.68359375
1575631487.2638004,3.87875,28.68359375
1575631497.275255,3.88,29.11328125
1575631507.2837884,3.88,29.11328125
1575631517.2953045,3.88,29.11328125
1575631527.3066847,3.88125,29.11328125
1575631537.31812,3.8825,29.11328125
1575631547.329507,3.8825,29.54296875
1575631557.3336742,3.8825,29.54296875
1575631567.3449655,3.8825,29.54296875
1575631577.3563893,3.88375,29.54296875
1575631587.3637133,3.885,29.54296875
1575631597.37368,3.885,29.97265625
1575631607.3849626,3.885,29.97265625
1575631617.3963437,3.88625,29.97265625
1575631627.4037194,3.8875,29.97265625
1575631637.415017,3.8875,30.40234375
1575631647.4264386,3.8875,30.40234375
1575631657.437849,3.8875,30.40234375
1575631667.449238,3.88875,30.40234375
1575631677.4537137,3.89,30.40234375
1575631687.4637074,3.89,30.83203125
1575631697.475095,3.89,30.83203125
1575631707.4837656,3.89,30.83203125
1575631717.495205,3.89125,30.83203125
1575631727.5066001,3.8925,31.26171875
1575631737.5179718,3.8925,31.26171875
1575631747.5292742,3.8925,31.26171875
1575631757.5336683,3.89375,31.26171875
1575631767.5449536,3.89375,31.26171875
1575631777.5537124,3.895,31.69140625
1575631787.5637424,3.895,31.69140625
1575631797.5737858,3.895,31.69140625
1575631807.5851588,3.89625,31.69140625
1575631817.596545,3.8975,32.12109375
1575631827.6079361,3.8975,32.12109375
1575631837.619327,3.8975,32.12109375
1575631847.6306822,3.89875,32.12109375
1575631857.633715,3.89875,32.55078125
1575631867.6450837,3.9,32.55078125
1575631877.6557918,3.9,32.55078125
1575631887.6636646,3.9,32.55078125
1575631897.6749554,3.90125,32.55078125
1575631907.6863577,3.9025,32.98046875
1575631917.6937401,3.9025,32.98046875
1575631927.7050745,3.9025,32.98046875
1575631937.7164712,3.9025,32.98046875
1575631947.723771,3.90375,33.41015625
1575631957.7337017,3.905,33.41015625
1575631967.745095,3.905,33.41015625
1575631977.7537093,3.905,33.41015625
1575631987.765107,3.90625,33.83984375
1575631997.773771,3.90625,33.83984375
1575632007.7852204,3.9075,33.83984375
1575632017.7965994,3.9075,33.83984375
1575632027.8079853,3.9075,33.83984375
1575632037.8193557,3.90875,34.26953125
1575632047.830745,3.91,34.26953125
1575632057.8421278,3.91,34.26953125
1575632067.843705,3.91,34.26953125
1575632077.853684,3.91125,34.69921875
1575632087.863718,3.91125,34.69921875
1575632097.875099,3.9125,34.69921875
1575632107.8865037,3.9125,34.69921875
1575632117.8978014,3.9125,35.05859375
1575632127.9091961,3.91375,35.05859375
1575632137.9205925,3.91375,35.05859375
1575632147.9319975,3.915,35.421875
1575632157.9433932,3.915,35.421875
1575632167.9547892,3.915,35.421875
1575632177.963744,3.91625,35.421875
1575632187.97516,3.91625,35.78125
1575632197.983787,3.9175,35.78125
1575632207.99524,3.9175,35.78125
1575632218.0066354,3.9175,36.140625
1575632228.0180347,3.91875,36.140625
1575632238.0293999,3.92,36.140625
1575632248.04069,3.92,36.140625
1575632258.0520928,3.92,36.5
1575632268.0537245,3.92125,36.5
1575632278.0637171,3.92125,36.5
1575632288.0737836,3.9225,36.86328125
1575632298.0852025,3.9225,36.86328125
1575632308.096597,3.9225,36.86328125
1575632318.1080277,3.92375,36.86328125
1575632328.1194313,3.92375,37.22265625
1575632338.1307983,3.925,37.22265625
1575632348.1420968,3.925,37.22265625
1575632358.1437097,3.925,37.58203125
1575632368.1550934,3.92625,37.58203125
1575632378.1637068,3.92625,37.58203125
1575632388.1751106,3.9275,37.58203125
1575632398.1835778,3.9275,37.94140625
1575632408.1949282,3.92875,37.94140625
1575632418.2063236,3.92875,37.94140625
1575632428.2137382,3.93,38.3046875
1575632438.2250967,3.93,38.3046875
1575632448.2337139,3.93,38.3046875
1575632458.2451022,3.93125,38.6640625
1575632468.2537062,3.93125,38.6640625
1575632478.2650945,3.9325,38.6640625
1575632488.273789,3.9325,38.6640625
1575632498.2837212,3.9325,39.0234375
1575632508.2951202,3.93375,39.0234375
1575632518.3064947,3.93375,39.0234375
1575632528.3178844,3.935,39.3828125
1575632538.3292527,3.935,39.3828125
1575632548.3405464,3.935,39.3828125
1575632558.34368,3.935,39.3828125
1575632568.354979,3.93625,39.74609375
1575632578.3637865,3.9375,39.74609375
1575632588.3737009,3.9375,39.74609375
1575632598.385011,3.9375,40.10546875
1575632608.3964095,3.93875,40.10546875
1575632618.4037025,3.93875,40.10546875
1575632628.4151154,3.94,40.46484375
1575632638.4265144,3.94,40.46484375
1575632648.437919,3.94,40.46484375
1575632658.449309,3.94125,40.46484375
1575632668.4606998,3.94125,40.82421875
1575632678.4721055,3.9425,40.82421875
1575632688.4770586,3.9425,40.82421875
1575632698.4885063,3.9425,41.1875
1575632708.4998987,3.94375,41.1875
1575632718.5036645,3.9425,41.1875
1575632728.5149477,3.945,41.59375
1575632738.5263455,3.945,41.59375
1575632748.5337849,3.945,41.59375
1575632758.5451562,3.94625,41.59375
1575632768.556551,3.94625,42.00390625
1575632778.5638003,3.9475,42.00390625
1575632788.575806,3.9475,42.00390625
1575632798.5872087,3.9475,42.00390625
1575632808.5985923,3.94875,42.4140625
1575632818.6099968,3.94875,42.4140625
1575632828.6214006,3.95,42.4140625
1575632838.6328075,3.95,42.82421875
1575632848.644223,3.95,42.82421875
1575632858.6556365,3.95125,42.82421875
1575632868.6637063,3.95125,42.82421875
1575632878.6736803,3.9525,43.23046875
1575632888.6849735,3.9525,43.23046875
1575632898.6963694,3.9525,43.23046875
1575632908.707774,3.95375,43.23046875
1575632918.719065,3.955,43.640625
1575632928.7304633,3.955,43.640625
1575632938.7418709,3.955,43.640625
1575632948.7532506,3.955,44.05078125
1575632958.764658,3.95625,44.05078125
1575632968.7760592,3.95625,44.05078125
1575632978.7837737,3.9575,44.05078125
1575632988.7952094,3.9575,44.4609375
1575632998.806599,3.9575,44.4609375
1575633008.8179858,3.95875,44.4609375
1575633018.8293738,3.95875,44.8671875
1575633028.840765,3.96,44.8671875
1575633038.8521326,3.96,44.8671875
1575633048.863422,3.96,44.8671875
1575633058.8748164,3.96125,45.27734375
1575633068.8837302,3.96125,45.27734375
1575633078.8950078,3.9625,45.27734375
1575633088.906417,3.9625,45.27734375
1575633098.9178355,3.9625,45.6875
1575633108.9292376,3.9625,45.6875
1575633118.9406147,3.96375,45.6875
1575633128.952092,3.965,46.09765625
1575633138.9634924,3.965,46.09765625
1575633148.9749575,3.965,46.09765625
1575633158.9863334,3.965,46.09765625
1575633168.9976413,3.96625,46.50390625
1575633179.0037966,3.9675,46.50390625
1575633189.0152674,3.9675,46.50390625
1575633199.0266469,3.9675,46.9140625
1575633209.0379536,3.9675,46.9140625
1575633219.049351,3.96875,46.9140625
1575633229.06072,3.96875,46.9140625
1575633239.0719898,3.97,47.32421875
1575633249.0834033,3.97,47.32421875
1575633259.0948012,3.97,47.32421875
1575633269.103744,3.97125,47.70703125
1575633279.1151316,3.9725,47.70703125
1575633289.1265368,3.9725,47.70703125
1575633299.1379566,3.9725,47.70703125
1575633309.149357,3.9725,48.08984375
1575633319.1607716,3.9725,48.08984375
1575633329.1721926,3.97375,48.08984375
1575633339.183587,3.975,48.4765625
1575633349.1950479,3.975,48.4765625
1575633359.2064323,3.975,48.4765625
1575633369.21773,3.975,48.859375
1575633379.2316294,3.97625,48.859375
1575633389.2337327,3.9775,48.859375
1575633399.2450273,3.9775,49.2421875
1575633409.256432,3.9775,49.2421875
1575633419.26782,3.9775,49.2421875
1575633429.2792156,3.97875,49.625
1575633439.2906182,3.97875,49.625
1575633449.2936661,3.98,49.625
1575633459.303706,3.98,49.625
1575633469.3138275,3.98,50.01171875
1575633479.325241,3.98,50.01171875
1575633489.3366284,3.98125,50.01171875
1575633499.348022,3.9825,50.39453125
1575633509.3594172,3.9825,50.39453125
1575633519.3708158,3.9825,50.39453125
1575633529.382214,3.9825,50.77734375
1575633539.3936737,3.98375,50.77734375
1575633549.4050705,3.985,50.77734375
1575633559.4137475,3.985,51.16015625
1575633569.4251556,3.985,51.16015625
1575633579.4365528,3.985,51.16015625
1575633589.447938,3.98625,51.16015625
1575633599.459318,3.98625,51.546875
1575633609.4707062,3.9875,51.546875
1575633619.4821017,3.9875,51.546875
1575633629.483662,3.9875,51.9296875
1575633639.4949398,3.9875,51.9296875
1575633649.5037005,3.98875,51.9296875
1575633659.5150814,3.99,52.3125
1575633669.5237644,3.99,52.3125
1575633679.5351644,3.99,52.3125
1575633689.5465627,3.99,52.6953125
1575633699.5537078,3.99125,52.6953125
1575633709.5637205,3.9925,52.6953125
1575633719.5750077,3.9925,53.08203125
1575633729.586403,3.9925,53.08203125
1575633739.5977883,3.9925,53.08203125
1575633749.6091897,3.9925,53.46484375
1575633759.6137211,3.99375,53.46484375
1575633769.6251023,3.995,53.46484375
1575633779.6364913,3.995,53.46484375
1575633789.6478813,3.995,53.78125
1575633799.6592731,3.995,53.78125
1575633809.670671,3.99625,54.09765625
1575633819.682067,3.99625,54.09765625
1575633829.6934428,3.9975,54.09765625
1575633839.704715,3.9975,54.4140625
1575633849.713702,3.9975,54.4140625
1575633859.7250824,3.9975,54.4140625
1575633869.733765,4.0,54.73046875
1575633879.745083,4.0,54.73046875
1575633889.7564573,4.0,55.046875
1575633899.767857,4.0,55.046875
1575633909.779235,4.0,55.046875
1575633919.7906172,4.00125,55.36328125
1575633929.8019955,4.00125,55.36328125
1575633939.8037126,4.0025,55.36328125
1575633949.8150964,4.0025,55.6796875
1575633959.8237731,4.0025,55.6796875
1575633969.8351655,4.0025,55.99609375
1575633979.846544,4.00375,55.99609375
1575633989.8579369,4.005,55.99609375
1575633999.8693242,4.005,56.3125
1575634009.8805938,4.005,56.3125
1575634019.8918853,4.005,56.3125
1575634029.9032798,4.005,56.62890625
1575634039.914566,4.00625,56.62890625
1575634049.923726,4.0075,56.9453125
1575634059.9351137,4.0075,56.9453125
1575634069.9465058,4.0075,56.9453125
1575634079.9579096,4.0075,57.26171875
1575634089.9693058,4.00875,57.26171875
1575634099.9806926,4.00875,57.26171875
1575634109.992082,4.01,57.578125
1575634119.9937146,4.01,57.578125
1575634130.0051057,4.01,57.89453125
1575634140.0136676,4.01,57.89453125
1575634150.0249515,4.01125,57.89453125
1575634160.0337899,4.0125,58.2109375
1575634170.0451782,4.0125,58.2109375
1575634180.0537148,4.0125,58.2109375
1575634190.0637286,4.0125,58.52734375
1575634200.0750465,4.01375,58.52734375
1575634210.0864365,4.015,58.84375
1575634220.097826,4.015,58.84375
1575634230.1092198,4.015,58.84375
1575634240.1206176,4.015,59.16015625
1575634250.1237247,4.01625,59.16015625
1575634260.1351106,4.01625,59.16015625
1575634270.1465063,4.0175,59.4765625
1575634280.1537092,4.0175,59.4765625
1575634290.1651204,4.0175,59.79296875
1575634300.1764958,4.0175,59.79296875
1575634310.1877816,4.01875,59.79296875
1575634320.1991642,4.01875,60.109375
1575634330.210519,4.02,60.109375
1575634340.2136714,4.02,60.109375
1575634350.223706,4.02,60.42578125
1575634360.233705,4.02125,60.42578125
1575634370.2451015,4.02125,60.7421875
1575634380.2537622,4.0225,60.7421875
1575634390.2652154,4.0225,60.7421875
1575634400.2766156,4.0225,61.05859375
1575634410.2880096,4.0225,61.05859375
1575634420.2994056,4.02375,61.05859375
1575634430.3037229,4.025,61.375
1575634440.313693,4.025,61.375
1575634450.3236654,4.025,61.51953125
1575634460.334964,4.025,61.51953125
1575634470.3437798,4.02625,61.6640625
1575634480.3552833,4.0275,61.80859375
1575634490.366674,4.0275,61.953125
1575634500.378062,4.0275,61.953125
1575634510.3837085,4.0275,62.09765625
1575634520.3949645,4.02875,62.2421875
1575634530.4062684,4.02875,62.38671875
1575634540.4176426,4.03,62.38671875
1575634550.4289377,4.03,62.53125
1575634560.440341,4.03,62.67578125
1575634570.4517474,4.03125,62.8203125
1575634580.4631412,4.03125,62.8203125
1575634590.4737146,4.0325,62.96484375
1575634600.4851198,4.0325,63.109375
1575634610.4965067,4.0325,63.25390625
1575634620.507899,4.0325,63.25390625
1575634630.519316,4.03375,63.3984375
1575634640.5307007,4.035,63.54296875
1575634650.5336988,4.035,63.6875
1575634660.5450764,4.035,63.6875
1575634670.5537872,4.035,63.83203125
1575634680.565211,4.03625,63.9765625
1575634690.5765934,4.0375,64.12109375
1575634700.5879896,4.0375,64.12109375
1575634710.5993748,4.0375,64.265625
1575634720.6107686,4.0375,64.41015625
1575634730.6221607,4.03875,64.5546875
1575634740.6335304,4.04,64.5546875
1575634750.6448538,4.04,64.69921875
1575634760.653697,4.04,64.84375
1575634770.6650813,4.04,64.84375
1575634780.6764576,4.04125,64.98828125
1575634790.6877458,4.0425,65.1328125
1575634800.6991494,4.0425,65.1328125
1575634810.710566,4.0425,65.27734375
1575634820.721969,4.0425,65.421875
1575634830.7237437,4.0425,65.56640625
1575634840.7350502,4.045,65.56640625
1575634850.7437084,4.045,65.7109375
1575634860.7550983,4.045,65.85546875
1575634870.7665045,4.04625,65.85546875
1575634880.7779102,4.04625,66.0
1575634890.7837772,4.0475,66.14453125
1575634900.7952044,4.0475,66.14453125
1575634910.8066,4.0475,66.2890625
1575634920.817986,4.04875,66.43359375
1575634930.8293965,4.05,66.43359375
1575634940.8407645,4.05,66.578125
1575634950.8520594,4.05,66.72265625
1575634960.863471,4.05,66.72265625
1575634970.8748875,4.05125,66.8671875
1575634980.8837106,4.0525,67.01171875
1575634990.8937118,4.0525,67.15625
1575635000.9050224,4.0525,67.15625
1575635010.916426,4.05375,67.30078125
1575635020.9278295,4.05375,67.4453125
1575635030.9392374,4.055,67.4453125
1575635040.9506426,4.055,67.58984375
1575635050.9620216,4.055,67.58984375
1575635060.9733279,4.05625,67.734375
1575635070.9847288,4.0575,67.87890625
1575635080.996107,4.0575,67.87890625
1575635091.0037436,4.0575,68.0234375
1575635101.0151951,4.0575,68.16796875
1575635111.026595,4.05875,68.16796875
1575635121.0379958,4.06,68.3125
1575635131.049383,4.06,68.4765625
1575635141.06075,4.06,68.4765625
1575635151.0720973,4.06,68.640625
1575635161.08348,4.06125,68.640625
1575635171.094767,4.0625,68.8046875
1575635181.1037414,4.0625,68.96875
1575635191.1151192,4.0625,68.96875
1575635201.126501,4.06375,69.1328125
1575635211.1378906,4.065,69.1328125
1575635221.1492822,4.065,69.296875
1575635231.160653,4.065,69.4609375
1575635241.171947,4.06625,69.4609375
1575635251.1833265,4.0675,69.625
1575635261.1946375,4.0675,69.625
1575635271.206038,4.0675,69.7890625
1575635281.2174413,4.06875,69.7890625
1575635291.2238038,4.06875,69.953125
1575635301.2353206,4.07,70.1171875
1575635311.2466993,4.07,70.1171875
1575635321.257985,4.07,70.28125
1575635331.269385,4.07125,70.28125
1575635341.2737577,4.0725,70.4453125
1575635351.2851424,4.0725,70.4453125
1575635361.2965095,4.0725,70.609375
1575635371.3078003,4.07375,70.7734375
1575635381.3192627,4.075,70.7734375
1575635391.3330898,4.075,70.9375
1575635401.3444803,4.075,70.9375
1575635411.3558762,4.07625,71.1015625
1575635421.3672733,4.07625,71.1015625
1575635431.37868,4.0775,71.265625
1575635441.390074,4.0775,71.4296875
1575635451.401476,4.07875,71.4296875
1575635461.4128883,4.08,71.59375
1575635471.4243183,4.0775,71.59375
1575635481.4356108,4.08,71.7578125
1575635491.4470165,4.08,71.7578125
1575635501.4584343,4.08125,71.921875
1575635511.4697895,4.0825,72.0859375
1575635521.4813123,4.0825,72.0859375
1575635531.4927106,4.0825,72.25
1575635541.5041118,4.08375,72.25
1575635551.5155134,4.085,72.4140625
1575635561.5268872,4.085,72.4140625
1575635571.538178,4.085,72.578125
1575635581.5495715,4.08625,72.7421875
1575635591.5609608,4.0875,72.7421875
1575635601.5637782,4.0875,72.90625
1575635611.5752895,4.0875,72.90625
1575635621.586687,4.08875,73.0703125
1575635631.5980556,4.0875,73.0703125
1575635641.6093466,4.09,73.234375
1575635651.6207297,4.09,73.234375
1575635661.6321473,4.09125,73.3984375
1575635671.6434433,4.0925,73.5625
1575635681.654759,4.0925,73.5625
1575635691.663703,4.0925,73.7265625
1575635701.675095,4.09375,73.7265625
1575635711.6865034,4.095,73.890625
1575635721.6979146,4.095,73.890625
1575635731.7093182,4.095,74.0546875
1575635741.7207434,4.09625,74.0546875
1575635751.7321446,4.0975,74.21875
1575635761.7435503,4.0975,74.3828125
1575635771.755008,4.0975,74.3828125
1575635781.7637234,4.09875,74.546875
1575635791.775129,4.09875,74.546875
1575635801.783765,4.1,74.7109375
1575635811.7951748,4.1,74.7109375
1575635821.8037276,4.1,74.875
1575635831.8150043,4.1025,74.875
1575635841.8263948,4.1025,75.0390625
1575635851.8377898,4.1025,75.203125
1575635861.8491924,4.10375,75.203125
1575635871.8605728,4.105,75.3671875
1575635881.8718815,4.105,75.3671875
1575635891.8807874,4.105,75.52734375
1575635901.8921673,4.10625,75.52734375
1575635911.9035726,4.1075,75.69140625
1575635921.9150302,4.1075,75.69140625
1575635931.9264388,4.1075,75.85546875
1575635941.9378526,4.10875,75.85546875
1575635951.9492302,4.11,76.01953125
1575635961.960532,4.11,76.1796875
1575635971.9719331,4.11,76.1796875
1575635981.9833374,4.1075,76.34375
1575635991.994644,4.1125,76.34375
1575636002.0037856,4.1125,76.5078125
1575636012.0152214,4.1125,76.5078125
1575636022.02667,4.11375,76.671875
1575636032.038075,4.115,76.671875
1575636042.0437272,4.115,76.83203125
1575636052.0551243,4.115,76.99609375
1575636062.0665119,4.11625,76.99609375
1575636072.0737014,4.1175,77.16015625
1575636082.0851033,4.1175,77.16015625
1575636092.093774,4.1175,77.32421875
1575636102.1052167,4.11875,77.32421875
1575636112.1165838,4.12,77.484375
1575636122.127874,4.12,77.484375
1575636132.139276,4.12,77.6484375
1575636142.1506808,4.1175,77.6484375
1575636152.1619878,4.1225,77.8125
1575636162.1733575,4.1225,77.8125
1575636172.1846664,4.1225,77.9765625
1575636182.1937134,4.12375,78.13671875
1575636192.2051237,4.125,78.13671875
1575636202.2165391,4.125,78.30078125
1575636212.2279537,4.125,78.30078125
1575636222.237778,4.12625,78.46484375
1575636232.249203,4.1275,78.46484375
1575636242.2606127,4.1275,78.62890625
1575636252.2720087,4.1275,78.62890625
1575636262.2834096,4.12875,78.7890625
1575636272.294807,4.12875,78.7890625
1575636282.3062007,4.13,78.953125
1575636292.313821,4.13,79.1171875
1575636302.3253355,4.12875,79.1171875
1575636312.3366528,4.1325,79.28125
1575636322.3480513,4.1325,79.28125
1575636332.359446,4.1325,79.44140625
1575636342.370904,4.13375,79.44140625
1575636352.3821993,4.135,79.60546875
1575636362.3936534,4.135,79.60546875
1575636372.4050567,4.135,79.76953125
1575636382.4137173,4.13625,79.76953125
1575636392.425122,4.1375,79.93359375
1575636402.4337282,4.1375,79.93359375
1575636412.4451272,4.1375,80.09375
1575636422.4565387,4.13875,80.2578125
1575636432.4679444,4.13875,80.2578125
1575636442.4793687,4.14,80.421875
1575636452.4907513,4.14,80.421875
1575636462.4937847,4.13875,80.5859375
1575636472.5037038,4.1425,80.5859375
1575636482.515085,4.1425,80.74609375
1575636492.5237856,4.1425,80.74609375
1575636502.5352662,4.14375,80.91015625
1575636512.546675,4.145,80.91015625
1575636522.5580792,4.145,81.07421875
1575636532.56947,4.145,81.07421875
1575636542.5737183,4.145,81.23828125
1575636552.5885236,4.14625,81.23828125
1575636562.5999393,4.1475,81.3984375
1575636572.6113422,4.1475,81.5625
1575636582.6137242,4.1475,81.5625
1575636592.6251218,4.14875,81.7265625
1575636602.6365135,4.15,81.7265625
1575636612.6479058,4.15,81.890625
1575636622.6593344,4.1475,81.890625
1575636632.6706395,4.15125,82.05078125
1575636642.68204,4.1525,82.05078125
1575636652.6934505,4.1525,82.21484375
1575636662.7048507,4.1525,82.21484375
1575636672.7162397,4.1525,82.37890625
1575636682.7276285,4.15375,82.37890625
1575636692.7345054,4.155,82.54296875
1575636702.746342,4.155,82.54296875
1575636712.7577255,4.155,82.703125
1575636722.7691202,4.15625,82.703125
1575636732.7805107,4.1575,82.8671875
1575636742.7918942,4.1575,82.8671875
1575636752.8031762,4.1575,83.03125
1575636762.8145456,4.1575,83.1953125
1575636772.82583,4.15875,83.1953125
1575636782.8337486,4.15625,83.35546875
1575636792.8450634,4.16,83.35546875
1575636802.8564606,4.16,83.51953125
1575636812.867854,4.16125,83.51953125
1575636822.8792653,4.16125,83.68359375
1575636832.890641,4.16125,83.68359375
1575636842.901939,4.1625,83.84765625
1575636852.9133086,4.1625,83.84765625
1575636862.9246316,4.16375,84.0078125
1575636872.933713,4.165,84.0078125
1575636882.945094,4.165,84.171875
1575636892.9565217,4.165,84.171875
1575636902.9679196,4.165,84.3359375
1575636912.9793172,4.16625,84.3359375
1575636922.990708,4.16625,84.48046875
1575636933.0021086,4.1675,84.48046875
1575636943.0037248,4.16375,84.62109375
1575636953.0150418,4.1675,84.765625
1575636963.026422,4.16875,84.765625
1575636973.0377061,4.16875,84.91015625
1575636983.0437868,4.17,84.91015625
1575636993.055229,4.17,85.0546875
1575637003.0666225,4.17,85.0546875
1575637013.0780246,4.17,85.1953125
1575637023.0894217,4.17125,85.1953125
1575637033.1008258,4.1725,85.33984375
1575637043.112226,4.1725,85.484375
1575637053.1235976,4.1725,85.484375
1575637063.1349578,4.1725,85.62890625
1575637073.1437027,4.1725,85.62890625
1575637083.1550748,4.17375,85.76953125
1575637093.1664798,4.175,85.76953125
1575637103.1737306,4.17125,85.9140625
1575637113.185048,4.175,85.9140625
1575637123.1936784,4.175,86.05859375
1575637133.2049952,4.17625,86.05859375
1575637143.2163713,4.17625,86.203125
1575637153.227674,4.1775,86.203125
1575637163.233712,4.1775,86.34375
1575637173.2450893,4.1775,86.48828125
1575637183.2537925,4.1775,86.48828125
1575637193.265246,4.17875,86.6328125
1575637203.2766385,4.17875,86.6328125
1575637213.2880304,4.18,86.77734375
1575637223.2994325,4.18,86.77734375
1575637233.3108025,4.18,86.91796875
1575637243.3220944,4.18,86.91796875
1575637253.3335104,4.18,87.0625
1575637263.344962,4.1775,87.0625
1575637273.353748,4.18125,87.20703125
1575637283.3653803,4.1825,87.20703125
1575637293.3767786,4.1825,87.3515625
1575637303.3881752,4.1825,87.3515625
1575637313.399594,4.1825,87.4921875
1575637323.410971,4.1825,87.4921875
1575637333.4222703,4.18375,87.63671875
1575637343.4336655,4.18375,87.63671875
1575637353.4449663,4.18375,87.78125
1575637363.4536717,4.185,87.78125
1575637373.464953,4.185,87.92578125
1575637383.4738758,4.185,87.92578125
1575637393.4854746,4.185,88.06640625
1575637403.4968674,4.185,88.06640625
1575637413.508267,4.185,88.2109375
1575637423.5197074,4.1825,88.2109375
1575637433.5310798,4.18625,88.35546875
1575637443.5424623,4.1875,88.35546875
1575637453.5538588,4.1875,88.5
1575637463.5652447,4.1875,88.5
1575637473.5737886,4.1875,88.640625
1575637483.5852559,4.1875,88.640625
1575637493.5966532,4.1875,88.80078125
1575637503.6080618,4.18875,88.80078125
1575637513.6194518,4.18875,88.95703125
1575637523.6308231,4.19,88.95703125
1575637533.6421187,4.19,88.95703125
1575637543.6436741,4.19,89.1171875
1575637553.6549807,4.19,89.1171875
1575637563.6637044,4.19,89.2734375
1575637573.6750903,4.19,89.2734375
1575637583.6864927,4.1875,89.43359375
1575637593.697808,4.19125,89.43359375
1575637603.709197,4.19125,89.43359375
1575637613.7206066,4.19125,89.58984375
1575637623.7320154,4.1925,89.58984375
1575637633.7434132,4.1925,89.75
1575637643.7548032,4.1925,89.75
1575637653.763704,4.1925,89.90625
1575637663.775094,4.1925,89.90625
1575637673.7838035,4.1925,89.90625
1575637683.7937222,4.1925,90.06640625
1575637693.8051205,4.19375,90.06640625
1575637703.8165145,4.19375,90.22265625
1575637713.827915,4.19375,90.22265625
1575637723.8393087,4.19375,90.22265625
1575637733.8507185,4.195,90.3828125
1575637743.862148,4.19125,90.3828125
1575637753.8735197,4.195,90.5390625
1575637763.883682,4.195,90.5390625
1575637773.8949897,4.195,90.5390625
1575637783.9063964,4.195,90.69921875
1575637793.917794,4.195,90.69921875
1575637803.9292014,4.19625,90.85546875
1575637813.9404655,4.19625,90.85546875
1575637823.9437244,4.19625,90.85546875
1575637833.9551265,4.19625,91.015625
1575637843.9664204,4.1975,91.015625
1575637853.9736686,4.1975,91.171875
1575637863.984968,4.1975,91.171875
1575637873.993769,4.1975,91.171875
1575637884.0053349,4.1975,91.33203125
1575637894.0167456,4.1975,91.33203125
1575637904.023731,4.1925,91.33203125
1575637914.035056,4.1975,91.48828125
1575637924.0464554,4.19875,91.48828125
1575637934.0578456,4.19875,91.6484375
1575637944.0692482,4.19875,91.6484375
1575637954.0806425,4.2,91.6484375
1575637964.0837874,4.2,91.8046875
1575637974.0951786,4.2,91.8046875
1575637984.10659,4.2,91.96484375
1575637994.1179836,4.2,91.96484375
1575638004.1293747,4.2,91.96484375
1575638014.1407657,4.2,92.12109375
1575638024.152157,4.2,92.12109375
1575638034.1635714,4.20125,92.12109375
1575638044.1750145,4.20125,92.28125
1575638054.1864083,4.2025,92.28125
1575638064.1978137,4.1975,92.28125
1575638074.209128,4.2025,92.4375
1575638084.2205195,4.2025,92.4375
1575638094.2319264,4.2025,92.59765625
1575638104.2432933,4.2025,92.59765625
1575638114.254599,4.2025,92.59765625
1575638124.265986,4.2025,92.75390625
1575638134.277288,4.2025,92.75390625
1575638144.2886622,4.20375,92.75390625
1575638154.2937155,4.20375,92.9140625
1575638164.3038564,4.20375,92.9140625
1575638174.313716,4.205,92.9140625
1575638184.3254461,4.205,93.0703125
1575638194.3368373,4.20375,93.0703125
1575638204.348235,4.205,93.0703125
1575638214.3596373,4.205,93.23046875
1575638224.363735,4.2025,93.23046875
1575638234.3750575,4.205,93.23046875
1575638244.386453,4.20625,93.38671875
1575638254.393753,4.20625,93.38671875
1575638264.4057574,4.20625,93.546875
1575638274.4171667,4.2075,93.546875
1575638284.4285963,4.2075,93.546875
1575638294.4399884,4.2075,93.703125
1575638304.4513981,4.2075,93.703125
1575638314.4627872,4.2075,93.703125
1575638324.4737182,4.2075,93.86328125
1575638334.4774938,4.2075,93.86328125
1575638344.4888904,4.20875,93.86328125
1575638354.500298,4.20875,94.01953125
1575638364.5037556,4.20875,94.01953125
1575638374.5152066,4.21,94.01953125
1575638384.5266314,4.205,94.1796875
1575638394.5379763,4.21,94.1796875
1575638404.5493853,4.21,94.1796875
1575638414.5607522,4.21,94.3359375
1575638424.5720563,4.21,94.3359375
1575638434.5834222,4.21,94.3359375
1575638444.5947144,4.21125,94.49609375
1575638454.603751,4.21125,94.49609375
1575638464.615697,4.2125,94.49609375
1575638474.6271036,4.2125,94.65234375
1575638484.6385133,4.2125,94.65234375
1575638494.6499162,4.2125,94.65234375
1575638504.661281,4.2125,94.8125
1575638514.6725726,4.2125,94.8125
1575638524.6839874,4.2125,94.8125
1575638534.6953864,4.21375,94.96875
1575638544.7068002,4.2075,94.96875
1575638554.7181497,4.215,94.96875
1575638564.7237005,4.215,94.96875
1575638574.735082,4.215,95.12890625
1575638584.743785,4.215,95.12890625
1575638594.7552266,4.215,95.12890625
1575638604.7666216,4.215,95.28515625
1575638614.7780142,4.21625,95.28515625
1575638624.7894087,4.21625,95.28515625
1575638634.8008072,4.21625,95.4453125
1575638644.8120944,4.2175,95.4453125
1575638654.8137155,4.2175,95.4453125
1575638664.8251338,4.2175,95.6015625
1575638674.8338482,4.2175,95.6015625
1575638684.8452516,4.2175,95.6015625
1575638694.8566494,4.21875,95.76171875
1575638704.8680909,4.215,95.76171875
1575638714.873727,4.22,95.76171875
1575638724.8851237,4.22,95.91796875
1575638734.8937302,4.22,95.91796875
1575638744.905104,4.22,95.91796875
1575638754.9164076,4.22,96.078125
1575638764.9237146,4.22,96.078125
1575638774.935098,4.22,96.078125
1575638784.946489,4.22,96.078125
1575638794.9578824,4.22,96.234375
1575638804.9637346,4.22,96.234375
1575638814.9737234,4.22,96.234375
1575638824.985122,4.22,96.39453125
1575638834.993723,4.22,96.39453125
1575638845.0051246,4.22,96.39453125
1575638855.013708,4.22,96.55078125
1575638865.0236716,4.22,96.55078125
1575638875.0338337,4.22,96.55078125
1575638885.0452354,4.22,96.55078125
1575638895.0566401,4.22,96.7109375
1575638905.0679395,4.22,96.7109375
1575638915.0737057,4.22125,96.7109375
1575638925.085062,4.1675,96.7109375
1575638935.0963526,4.22125,96.8671875
1575638945.1037126,4.22,96.8671875
1575638955.115123,4.22125,96.8671875
1575638965.1237063,4.22125,97.02734375
1575638975.1350803,4.22125,97.02734375
1575638985.146474,4.22125,97.02734375
1575638995.1578708,4.22,97.02734375
1575639005.16927,4.22125,97.18359375
1575639015.1806898,4.22125,97.18359375
1575639025.192081,4.22,97.18359375
1575639035.2033854,4.22125,97.34375
1575639045.214803,4.22,97.34375
1575639055.223752,4.22,97.34375
1575639065.2350452,4.22125,97.34375
1575639075.2437692,4.22125,97.5
1575639085.2551908,4.22125,97.5
1575639095.2665932,4.22125,97.5
1575639105.2779903,4.22125,97.5
1575639115.2893803,4.2225,97.66015625
1575639125.3007708,4.2225,97.66015625
1575639135.312161,4.2225,97.66015625
1575639145.323563,4.2225,97.66015625
1575639155.3350122,4.2225,97.81640625
1575639165.3437018,4.22125,97.81640625
1575639175.3549805,4.15625,97.81640625
1575639185.3663466,4.2225,97.81640625
1575639195.3776371,4.2225,97.9765625
1575639205.3890526,4.2225,97.9765625
1575639215.4004714,4.2225,97.9765625
1575639225.4117775,4.2225,97.9765625
1575639235.4231913,4.2225,98.1328125
1575639245.4345882,4.2225,98.1328125
1575639255.4437199,4.2225,98.1328125
1575639265.4551349,4.2225,98.1328125
1575639275.4665337,4.2225,98.29296875
1575639285.477934,4.2225,98.29296875
1575639295.4893253,4.2225,98.29296875
1575639305.5007188,4.2225,98.29296875
1575639315.5121086,4.2225,98.44921875
1575639325.5137088,4.2225,98.44921875
1575639335.5250986,4.2225,98.44921875
1575639345.5364673,4.2225,98.44921875
1575639355.5437312,4.2225,98.44921875
1575639365.55382,4.2225,98.609375
1575639375.563701,4.2225,98.609375
1575639385.5749815,4.2225,98.609375
1575639395.5863864,4.2225,98.609375
1575639405.5977845,4.2225,98.765625
1575639415.6091833,4.2225,98.765625
1575639425.6205842,4.2225,98.765625
1575639435.6319811,4.2225,98.765625
1575639445.6433794,4.2225,98.765625
1575639455.6537163,4.2225,98.92578125
1575639465.6651156,4.22375,98.92578125
1575639475.6737309,4.2225,98.92578125
1575639485.685134,4.2225,98.92578125
1575639495.6965196,4.2225,98.92578125
1575639505.70789,4.2225,99.08203125
1575639515.719178,4.2225,99.08203125
1575639525.7305658,4.2225,99.08203125
1575639535.7419784,4.2225,99.08203125
1575639545.7437181,4.22375,99.08203125
1575639555.7551126,4.22375,99.2421875
1575639565.7637928,4.22375,99.2421875
1575639575.7737231,4.22375,99.2421875
1575639585.7851212,4.2225,99.2421875
1575639595.796524,4.2225,99.3984375
1575639605.8079169,4.2225,99.3984375
1575639615.819311,4.2225,99.3984375
1575639625.8307066,4.22375,99.3984375
1575639635.8420806,4.22375,99.3984375
1575639645.8533845,4.22375,99.55859375
1575639655.863709,4.22375,99.55859375
1575639665.8750637,4.22375,99.55859375
1575639675.88635,4.22375,99.55859375
1575639685.8977556,4.22375,99.55859375
1575639695.909156,4.22375,99.55859375
1575639705.9204116,4.22375,99.71484375
1575639715.931702,4.22375,99.71484375
1575639725.9431047,4.22375,99.71484375
1575639735.9545195,4.22375,99.71484375
1575639745.963705,4.22375,99.71484375
1575639755.9750845,4.22375,99.875
1575639765.9838006,4.22375,99.875
1575639775.9954355,4.22375,99.875
1575639786.0068395,4.22375,99.875
1575639796.0136707,4.22375,99.875
1575639806.024959,4.22375,99.875
1575639816.0363846,4.22375,100.03125
1575639826.047768,4.22375,100.03125
1575639836.0590665,4.22375,100.03125
1575639846.070458,4.225,100.03125
1575639856.0737407,4.22375,100.03125
1575639866.0850291,4.22375,100.19140625
1575639876.096425,4.22375,100.19140625
1575639886.107829,4.22375,100.19140625
1575639896.1192613,4.22375,100.19140625
1575639906.1309679,4.225,100.19140625
1575639916.142365,4.225,100.19140625
1575639926.1538014,4.22375,100.34765625
1575639936.1637204,4.22375,100.34765625
1575639946.1736763,4.225,100.34765625
1575639956.1849704,4.225,100.34765625
1575639966.1963828,4.225,100.34765625
1575639976.2077792,4.225,100.34765625
1575639986.2191708,4.225,100.5078125
1575639996.2304683,4.225,100.5078125
1575640006.2419431,4.225,100.5078125
1575640016.243738,4.225,100.5078125
1575640026.2550356,4.225,100.5078125
1575640036.2637026,4.225,100.5078125
1575640046.2750843,4.225,100.6640625
1575640056.283771,4.225,100.6640625
1575640066.2951715,4.225,100.6640625
1575640076.3065758,4.225,100.6640625
1575640086.317974,4.225,100.6640625
1575640096.329363,4.225,100.6640625
1575640106.340758,4.225,100.82421875
1575640116.352155,4.225,100.82421875
1575640126.353713,4.225,100.82421875
1575640136.3651218,4.225,100.82421875
1575640146.3764951,4.225,100.82421875
1575640156.3877873,4.225,100.82421875
1575640166.3937232,4.225,100.82421875
1575640176.4037225,4.225,100.98046875
1575640186.415048,4.225,100.98046875
1575640196.4264617,4.225,100.98046875
1575640206.4378495,4.225,100.98046875
1575640216.449248,4.225,100.98046875
1575640226.4606586,4.225,100.98046875
1575640236.4637232,4.225,100.98046875
1575640246.4751146,4.225,101.140625
1575640256.4838116,4.225,101.140625
1575640266.495428,4.225,101.140625
1575640276.5068288,4.225,101.140625
1575640286.5182266,4.225,101.140625
1575640296.529629,4.225,101.140625
1575640306.5410266,4.225,101.140625
1575640316.552406,4.225,101.296875
1575640326.5637782,4.225,101.296875
1575640336.5750678,4.225,101.296875
1575640346.5837953,4.225,101.296875
1575640356.5937142,4.225,101.296875
1575640366.6051147,4.225,101.296875
1575640376.6165133,4.225,101.296875
1575640386.6279135,4.225,101.296875
1575640396.639318,4.225,101.45703125
1575640406.6507204,4.225,101.45703125
1575640416.662128,4.225,101.45703125
1575640426.6735392,4.225,101.45703125
1575640436.6850069,4.1975,101.45703125
1575640446.696422,4.195,101.45703125
1575640456.7037082,4.195,101.45703125
1575640466.7150772,4.1925,101.45703125
1575640476.7183034,4.1925,101.45703125
1575640486.7297971,4.19125,101.45703125
1575640496.732882,4.19125,101.45703125
1575640506.7442114,4.19,101.45703125
1575640516.7556098,4.19,101.45703125
1575640526.7669806,4.19,101.45703125
1575640536.7782848,4.18875,101.45703125
1575640546.7837157,4.1875,101.45703125
1575640556.795106,4.1875,101.45703125
1575640566.803754,4.1875,101.45703125
1575640576.815185,4.1875,101.45703125
1575640586.8265774,4.18625,101.45703125
1575640596.8379827,4.18625,101.45703125
1575640606.849385,4.18625,101.296875
1575640616.8607464,4.185,101.296875
1575640626.8720155,4.185,101.296875
1575640636.8833094,4.185,101.296875
1575640646.8948464,4.185,101.296875
1575640656.903732,4.185,101.296875
1575640666.9150343,4.185,101.296875
1575640676.9264362,4.18375,101.296875
1575640686.9378302,4.18375,101.296875
1575640696.9437253,4.18375,101.296875
1575640706.9551275,4.1825,101.296875
1575640716.966518,4.1825,101.296875
1575640726.9683008,4.1825,101.296875
1575640736.9797459,4.1825,101.296875
1575640746.9911337,4.1825,101.296875
1575640757.0025234,4.1825,101.296875
1575640767.0137634,4.1825,101.140625
1575640777.0156016,4.1825,101.140625
1575640787.0269697,4.18125,101.140625
1575640797.0382638,4.18125,101.140625
1575640807.0496697,4.18125,101.140625
1575640817.0610836,4.18125,101.140625
1575640827.072388,4.18,101.140625
1575640837.0837872,4.18,101.140625
1575640847.095183,4.18,101.140625
1575640857.1037674,4.18,101.140625
1575640867.1151423,4.18,101.140625
1575640877.1265342,4.18,101.140625
1575640887.1379242,4.18,101.140625
1575640897.149313,4.18,101.140625
1575640907.1606798,4.18,100.98046875
1575640917.163718,4.18,100.98046875
1575640927.1750948,4.18,100.98046875
1575640937.186386,4.18,100.98046875
1575640947.197763,4.18,100.98046875
1575640957.2090585,4.17875,100.98046875
1575640967.2182882,4.17875,100.98046875
1575640977.2297778,4.17875,100.98046875
1575640987.2410812,4.17875,100.98046875
1575640997.252487,4.17875,100.98046875
1575641007.2638965,4.1775,100.98046875
1575641017.2752619,4.1775,100.98046875
1575641027.2865448,4.1775,100.98046875
1575641037.2979438,4.1775,100.82421875
1575641047.309336,4.1775,100.82421875
1575641057.3137574,4.1775,100.82421875
1575641067.3252003,4.1775,100.82421875
1575641077.3366044,4.1775,100.82421875
1575641087.3480208,4.1775,100.82421875
1575641097.3594072,4.1775,100.82421875
1575641107.3707743,4.1775,100.82421875
1575641117.3820617,4.1775,100.82421875
1575641127.385608,4.1775,100.82421875
1575641137.3968956,4.1775,100.82421875
1575641147.4037046,4.1775,100.82421875
1575641157.4151087,4.1775,100.82421875
1575641167.4265106,4.1775,100.82421875
1575641177.4379003,4.1775,100.6640625
1575641187.4492977,4.17625,100.6640625
1575641197.460696,4.17625,100.6640625
1575641207.4721014,4.17625,100.6640625
1575641217.4835033,4.17625,100.6640625
1575641227.4949481,4.17625,100.6640625
1575641237.506325,4.17625,100.6640625
1575641247.5176413,4.17625,100.6640625
1575641257.5237494,4.17625,100.6640625
1575641267.5352166,4.17625,100.6640625
1575641277.5437813,4.175,100.6640625
1575641287.5551944,4.175,100.6640625
1575641297.5637505,4.175,100.6640625
1575641307.5750687,4.175,100.5078125
1575641317.5864625,4.175,100.5078125
1575641327.5937264,4.175,100.5078125
1575641337.6051905,4.175,100.5078125
1575641347.6165628,4.175,100.5078125
1575641357.627855,4.175,100.5078125
1575641367.6336663,4.175,100.5078125
1575641377.644961,4.175,100.5078125
1575641387.6563601,4.175,100.5078125
1575641397.66776,4.175,100.5078125
1575641407.6737247,4.175,100.5078125
1575641417.6854205,4.175,100.5078125
1575641427.6968112,4.175,100.5078125
1575641437.7082026,4.175,100.34765625
1575641447.7195992,4.175,100.34765625
1575641457.7310483,4.175,100.34765625
1575641467.7424095,4.175,100.34765625
1575641477.7537487,4.175,100.34765625
1575641487.7574441,4.175,100.34765625
1575641497.7688465,4.175,100.34765625
1575641507.780239,4.175,100.34765625
1575641517.7916288,4.175,100.34765625
1575641527.8030312,4.175,100.34765625
1575641537.8144293,4.175,100.34765625
1575641547.8258202,4.175,100.34765625
1575641557.8337262,4.175,100.34765625
1575641567.8438067,4.17375,100.34765625
1575641577.8555372,4.175,100.34765625
1575641587.8669286,4.17375,100.19140625
1575641597.8783166,4.17375,100.19140625
1575641607.8897078,4.17375,100.19140625
1575641617.9011385,4.17375,100.19140625
1575641627.9124448,4.17375,100.19140625
1575641637.923863,4.17375,100.19140625
1575641647.9352615,4.17375,100.19140625
1575641657.943708,4.17375,100.19140625
1575641667.9551175,4.17375,100.19140625
1575641677.9665313,4.17375,100.19140625
1575641687.977927,4.17375,100.19140625
1575641697.9893143,4.17375,100.19140625
1575641708.0006878,4.17375,100.19140625
1575641718.0119724,4.1725,100.19140625
1575641728.0136733,4.1725,100.03125
1575641738.0249605,4.1725,100.03125
1575641748.03636,4.1725,100.03125
1575641758.0477657,4.1725,100.03125
1575641768.0537777,4.1725,100.03125
1575641778.0652611,4.1725,100.03125
1575641788.0765588,4.1725,100.03125
1575641798.0879571,4.1725,100.03125
1575641808.0937243,4.1725,100.03125
1575641818.1051161,4.1725,100.03125
1575641828.116508,4.1725,100.03125
1575641838.1279073,4.1725,100.03125
1575641848.1393049,4.1725,100.03125
1575641858.143711,4.1725,100.03125
1575641868.1550844,4.1725,100.03125
1575641878.166494,4.1725,99.875
1575641888.173713,4.1725,99.875
1575641898.1851315,4.1725,99.875
1575641908.1965182,4.1725,99.875
1575641918.2079144,4.1725,99.875
1575641928.2183008,4.1725,99.875
1575641938.2297888,4.1725,99.875
1575641948.2411354,4.1725,99.875
1575641958.252518,4.1725,99.875
1575641968.2637637,4.1725,99.875
1575641978.275198,4.1725,99.875
1575641988.286603,4.1725,99.875
1575641998.297995,4.1725,99.875
1575642008.3093953,4.1725,99.875
1575642018.3207772,4.1725,99.875
1575642028.3320642,4.1725,99.71484375
1575642038.3434772,4.1725,99.71484375
1575642048.3548746,4.1725,99.71484375
1575642058.3636777,4.1725,99.71484375
1575642068.3749719,4.1725,99.71484375
1575642078.3863685,4.1725,99.71484375
1575642088.3937147,4.1725,99.71484375
1575642098.403743,4.1725,99.71484375
1575642108.4150481,4.1725,99.71484375
1575642118.4267478,4.1725,99.71484375
1575642128.4381506,4.1725,99.71484375
1575642138.4495482,4.1725,99.71484375
1575642148.4537067,4.1725,99.71484375
1575642158.4651012,4.1725,99.71484375
1575642168.4682908,4.1725,99.71484375
1575642178.4797766,4.1725,99.71484375
1575642188.4911838,4.1725,99.71484375
1575642198.5025747,4.1725,99.71484375
1575642208.5137877,4.1725,99.55859375
1575642218.5251553,4.17125,99.55859375
1575642228.536461,4.1725,99.55859375
1575642238.5478835,4.17125,99.55859375
1575642248.5592833,4.17125,99.55859375
1575642258.5637298,4.17125,99.55859375
1575642268.5750358,4.17125,99.55859375
1575642278.5838006,4.17125,99.55859375
1575642288.5937104,4.17125,99.55859375
1575642298.605112,4.17125,99.55859375
1575642308.6165035,4.17125,99.55859375
1575642318.6279063,4.17125,99.55859375
1575642328.639279,4.17125,99.55859375
1575642338.6505663,4.17125,99.55859375
1575642348.6619856,4.17125,99.55859375
1575642358.6734009,4.17125,99.55859375
1575642368.6837366,4.17125,99.55859375
1575642378.695143,4.17125,99.55859375
1575642388.706562,4.17125,99.3984375
1575642398.717955,4.17125,99.3984375
1575642408.729355,4.17125,99.3984375
1575642418.740764,4.17125,99.3984375
1575642428.7520466,4.17125,99.3984375
1575642438.7536654,4.17125,99.3984375
1575642448.7649662,4.17125,99.3984375
1575642458.7737246,4.17125,99.3984375
1575642468.7851398,4.17125,99.3984375
1575642478.793841,4.17125,99.3984375
1575642488.8052888,4.17,99.3984375
1575642498.8166838,4.17,99.3984375
1575642508.823726,4.17,99.3984375
1575642518.8351157,4.17,99.3984375
1575642528.8465064,4.17,99.3984375
1575642538.8578923,4.17,99.3984375
1575642548.8693001,4.17,99.3984375
1575642558.8807092,4.17,99.3984375
1575642568.8837304,4.17,99.3984375
1575642578.8951771,4.17,99.2421875
1575642588.9065528,4.17,99.2421875
1575642598.9179506,4.17,99.2421875
1575642608.9293497,4.17,99.2421875
1575642618.9407327,4.17,99.2421875
1575642628.952134,4.17,99.2421875
1575642638.963545,4.17,99.2421875
1575642648.975005,4.17,99.2421875
1575642658.9863918,4.17,99.2421875
1575642668.9977853,4.17,99.2421875
1575642679.0091877,4.17,99.2421875
1575642689.0206459,4.17,99.2421875
1575642699.032041,4.17,99.2421875
1575642709.043443,4.17,99.2421875
1575642719.0548406,4.17,99.2421875
1575642729.0662348,4.17,99.2421875
1575642739.0776098,4.17,99.2421875
1575642749.088893,4.17,99.2421875
1575642759.1002007,4.17,99.2421875
1575642769.103755,4.17,99.08203125
1575642779.1151083,4.17,99.08203125
1575642789.126511,4.17,99.08203125
1575642799.1378953,4.17,99.08203125
1575642809.1492913,4.17,99.08203125
1575642819.1606867,4.17,99.08203125
1575642829.172089,4.17,99.08203125
1575642839.1834924,4.17,99.08203125
1575642849.193718,4.17,99.08203125
1575642859.205135,4.17,99.08203125
1575642869.2165313,4.17,99.08203125
1575642879.2183015,4.17,99.08203125
1575642889.2297797,4.17,99.08203125
1575642899.2411513,4.17,99.08203125
1575642909.2524328,4.17,99.08203125
1575642919.2638483,4.17,99.08203125
1575642929.275261,4.17,99.08203125
1575642939.286569,4.17,99.08203125
1575642949.2980158,4.17,99.08203125
1575642959.309405,4.17,99.08203125
1575642969.3207927,4.17,99.08203125
1575642979.3321931,4.17,99.08203125
1575642989.3337893,4.17,99.08203125
1575642999.345236,4.17,98.92578125
1575643009.3566344,4.17,98.92578125
1575643019.368034,4.17,98.92578125
1575643029.3794107,4.17,98.92578125
1575643039.3908076,4.17,98.92578125
1575643049.4022074,4.17,98.92578125
1575643059.4036732,4.17,98.92578125
1575643069.414982,4.17,98.92578125
1575643079.4236736,4.17,98.92578125
1575643089.4337463,4.17,98.92578125
1575643099.4450762,4.17,98.92578125
1575643109.4564712,4.17,98.92578125
1575643119.4649634,4.17,98.92578125
1575643129.4737208,4.17,98.92578125
1575643139.4851274,4.17,98.92578125
1575643149.4965305,4.17,98.92578125
1575643159.5079286,4.17,98.92578125
1575643169.5137131,4.17,98.92578125
1575643179.5251226,4.17,98.92578125
1575643189.5338917,4.17,98.92578125
1575643199.5453095,4.17,98.92578125
1575643209.556711,4.17,98.92578125
1575643219.5681393,4.17,98.92578125
1575643229.5795228,4.17,98.92578125
1575643239.5909297,4.17,98.92578125
1575643249.6023092,4.17,98.765625
1575643259.6137426,4.17,98.765625
1575643269.6250362,4.17,98.765625
1575643279.6337297,4.17,98.765625
1575643289.645184,4.17,98.765625
1575643299.6566062,4.17,98.765625
1575643309.667999,4.17,98.765625
1575643319.6737173,4.17,98.765625
1575643329.685091,4.17,98.765625
1575643339.6963794,4.17,98.765625
1575643349.707778,4.17,98.765625
1575643359.7191765,4.17,98.765625
1575643369.7305708,4.17,98.765625
1575643379.7337272,4.17,98.765625
1575643389.7437627,4.17,98.765625
1575643399.7537138,4.17,98.765625
1575643409.765109,4.17,98.765625
1575643419.7765024,4.17,98.765625
1575643429.7878964,4.17,98.765625
1575643439.7992995,4.17,98.765625
1575643449.8037117,4.17,98.765625
1575643459.8151112,4.17,98.765625
1575643469.8265193,4.17,98.765625
1575643479.8379498,4.17,98.765625
1575643489.8493989,4.17,98.765625
1575643499.860784,4.16875,98.765625
1575643509.872181,4.17,98.765625
1575643519.8835707,4.17,98.765625
1575643529.8950174,4.16875,98.765625
1575643539.9037123,4.17,98.765625
1575643549.9150274,4.16875,98.609375
1575643559.9264276,4.16875,98.609375
1575643569.9337063,4.16875,98.609375
1575643579.945108,4.16875,98.609375
1575643589.9565008,4.16875,98.609375
1575643599.9589257,4.16875,98.609375
1575643609.9703271,4.16875,98.609375
1575643619.981739,4.16875,98.609375
1575643629.9931428,4.16875,98.609375
1575643640.004515,4.16875,98.609375
1575643650.0158064,4.16875,98.609375
1575643660.0237098,4.16875,98.609375
1575643670.0351024,4.16875,98.609375
1575643680.0465324,4.16875,98.609375
1575643690.0579474,4.16875,98.609375
1575643700.0694184,4.16875,98.609375
1575643710.0808568,4.16875,98.609375
1575643720.0922546,4.16875,98.609375
1575643730.1036694,4.16875,98.609375
1575643740.1150668,4.16875,98.609375
1575643750.1264396,4.16875,98.609375
1575643760.137743,4.16875,98.609375
1575643770.1437027,4.16875,98.609375
1575643780.1550763,4.16875,98.609375
1575643790.1664658,4.16875,98.609375
1575643800.1778686,4.16875,98.609375
1575643810.1892846,4.16875,98.609375
1575643820.1937163,4.16875,98.609375
1575643830.2051327,4.16875,98.609375
1575643840.216527,4.16875,98.609375
1575643850.2279384,4.16875,98.609375
1575643860.2336683,4.16875,98.44921875
1575643870.2449603,4.16875,98.44921875
1575643880.253793,4.16875,98.44921875
1575643890.263777,4.16875,98.44921875
1575643900.2751856,4.16875,98.44921875
1575643910.2865865,4.16875,98.44921875
1575643920.2979822,4.16875,98.44921875
1575643930.309392,4.16875,98.44921875
1575643940.3207877,4.16875,98.44921875
1575643950.3321877,4.16875,98.44921875
1575643960.3337164,4.16875,98.44921875
1575643970.3437712,4.16875,98.44921875
1575643980.3552942,4.16875,98.44921875
1575643990.3666859,4.1675,98.44921875
1575644000.378092,4.1675,98.44921875
1575644010.3894858,4.16875,98.44921875
1575644020.4008594,4.1675,98.44921875
1575644030.4121683,4.16875,98.44921875
1575644040.4235697,4.16875,98.44921875
1575644050.4337153,4.1675,98.44921875
1575644060.445029,4.1675,98.44921875
1575644070.4564233,4.1675,98.44921875
1575644080.4678311,4.1675,98.44921875
1575644090.4792829,4.1675,98.44921875
1575644100.4906716,4.1675,98.44921875
1575644110.5020692,4.1675,98.44921875
1575644120.5134633,4.1675,98.44921875
1575644130.5248713,4.1675,98.44921875
1575644140.536261,4.1675,98.44921875
1575644150.5437002,4.1675,98.44921875
1575644160.5537221,4.1675,98.44921875
1575644170.5638037,4.1675,98.44921875
1575644180.5752401,4.1675,98.44921875
1575644190.5865462,4.1675,98.29296875
1575644200.5979488,4.1675,98.29296875
1575644210.6093853,4.1675,98.29296875
1575644220.6206896,4.1675,98.29296875
1575644230.6319816,4.1675,98.29296875
1575644240.6433806,4.1675,98.29296875
1575644250.654793,4.1675,98.29296875
1575644260.6637201,4.1675,98.29296875
1575644270.6751244,4.1675,98.29296875
1575644280.683705,4.1675,98.29296875
1575644290.695089,4.1675,98.29296875
1575644300.706483,4.1675,98.29296875
1575644310.7137237,4.1675,98.29296875
1575644320.7175086,4.1675,98.29296875
1575644330.7289052,4.1675,98.29296875
1575644340.7402747,4.1675,98.29296875
1575644350.7515352,4.1675,98.29296875
1575644360.7628303,4.1675,98.29296875